tag,model_name,model_id,modelVersion_name,modelVersion_id,modelVersion_url,modelVersion_trainedWords,model_download_count
stable diffusion,stable-diffusion-v1,1,v1-4, 4,https://huggingface.co/CompVis/stable-diffusion-v1-4,[''],609745
stable diffusion,stable-diffusion-v1,1,v1-5, 5,https://huggingface.co/runwayml/stable-diffusion-v1-5,[''],2276475
stable diffusion,stable-diffusion-v2,2,v2-1, 1,https://huggingface.co/stabilityai/stable-diffusion-2-1,[''],236096
character,PRealistic VALight,91002,PRealistic VALight,96988,https://civitai.com/api/download/models/96988,[''],45
character,Matrix-Stellar-VAE,88546,v1.1-VAE,96962,https://civitai.com/api/download/models/96962,"['female,male,landscapes,realistic,man,woman,SCIFI']",679
photorealistic,Matrix-Stellar-VAE,88546,v1.1-VAE,96962,https://civitai.com/api/download/models/96962,"['female,male,landscapes,realistic,man,woman,SCIFI']",679
sexy,Matrix-Stellar-VAE,88546,v1.1-VAE,96962,https://civitai.com/api/download/models/96962,"['female,male,landscapes,realistic,man,woman,SCIFI']",679
female,Matrix-Stellar-VAE,88546,v1.1-VAE,96962,https://civitai.com/api/download/models/96962,"['female,male,landscapes,realistic,man,woman,SCIFI']",679
woman,Matrix-Stellar-VAE,88546,v1.1-VAE,96962,https://civitai.com/api/download/models/96962,"['female,male,landscapes,realistic,man,woman,SCIFI']",679
girls,Matrix-Stellar-VAE,88546,v1.1-VAE,96962,https://civitai.com/api/download/models/96962,"['female,male,landscapes,realistic,man,woman,SCIFI']",679
realistic,Matrix-Stellar-VAE,88546,v1.1-VAE,96962,https://civitai.com/api/download/models/96962,"['female,male,landscapes,realistic,man,woman,SCIFI']",679
anime,X-Flare Mix,87533,Semireal,96932,https://civitai.com/api/download/models/96932,[''],480
sexy,X-Flare Mix,87533,Semireal,96932,https://civitai.com/api/download/models/96932,[''],480
female,X-Flare Mix,87533,Semireal,96932,https://civitai.com/api/download/models/96932,[''],480
base model,X-Flare Mix,87533,Semireal,96932,https://civitai.com/api/download/models/96932,[''],480
illustration,X-Flare Mix,87533,Semireal,96932,https://civitai.com/api/download/models/96932,[''],480
2d,X-Flare Mix,87533,Semireal,96932,https://civitai.com/api/download/models/96932,[''],480
cute,X-Flare Mix,87533,Semireal,96932,https://civitai.com/api/download/models/96932,[''],480
girls,X-Flare Mix,87533,Semireal,96932,https://civitai.com/api/download/models/96932,[''],480
semirealistic,X-Flare Mix,87533,Semireal,96932,https://civitai.com/api/download/models/96932,[''],480
anime,23511-1546-幻色石,63279,23616-1115-test,97006,https://civitai.com/api/download/models/97006,[''],825
style,23511-1546-幻色石,63279,23616-1115-test,97006,https://civitai.com/api/download/models/97006,[''],825
comic,23511-1546-幻色石,63279,23616-1115-test,97006,https://civitai.com/api/download/models/97006,[''],825
anime,Realistic V Anime Light,90938,v1.0 RealisticVAnimeLight,96913,https://civitai.com/api/download/models/96913,[''],78
photorealistic,Realistic V Anime Light,90938,v1.0 RealisticVAnimeLight,96913,https://civitai.com/api/download/models/96913,[''],78
female,Realistic V Anime Light,90938,v1.0 RealisticVAnimeLight,96913,https://civitai.com/api/download/models/96913,[''],78
base model,WyvernMix,5273,v9,96912,https://civitai.com/api/download/models/96912,[''],7506
flexible,WyvernMix,5273,v9,96912,https://civitai.com/api/download/models/96912,[''],7506
fantasy,WyvernMix,5273,v9,96912,https://civitai.com/api/download/models/96912,[''],7506
portraits,WyvernMix,5273,v9,96912,https://civitai.com/api/download/models/96912,[''],7506
realistic,WyvernMix,5273,v9,96912,https://civitai.com/api/download/models/96912,[''],7506
style,Sneekkio 1st model,90496,v1.0,96404,https://civitai.com/api/download/models/96404,['Evang'],44
anime,DreamShaper,4384,6.31 baked vae,94081,https://civitai.com/api/download/models/94081,[''],217321
landscapes,DreamShaper,4384,6.31 baked vae,94081,https://civitai.com/api/download/models/94081,[''],217321
girl,DreamShaper,4384,6.31 baked vae,94081,https://civitai.com/api/download/models/94081,[''],217321
3d,DreamShaper,4384,6.31 baked vae,94081,https://civitai.com/api/download/models/94081,[''],217321
photorealistic,DreamShaper,4384,6.31 baked vae,94081,https://civitai.com/api/download/models/94081,[''],217321
inpainting,DreamShaper,4384,6.31 baked vae,94081,https://civitai.com/api/download/models/94081,[''],217321
digital art,DreamShaper,4384,6.31 baked vae,94081,https://civitai.com/api/download/models/94081,[''],217321
scifi,DreamShaper,4384,6.31 baked vae,94081,https://civitai.com/api/download/models/94081,[''],217321
base model,DreamShaper,4384,6.31 baked vae,94081,https://civitai.com/api/download/models/94081,[''],217321
fantasy art,DreamShaper,4384,6.31 baked vae,94081,https://civitai.com/api/download/models/94081,[''],217321
art style,DreamShaper,4384,6.31 baked vae,94081,https://civitai.com/api/download/models/94081,[''],217321
paintings,DreamShaper,4384,6.31 baked vae,94081,https://civitai.com/api/download/models/94081,[''],217321
woman,DreamShaper,4384,6.31 baked vae,94081,https://civitai.com/api/download/models/94081,[''],217321
illustration,DreamShaper,4384,6.31 baked vae,94081,https://civitai.com/api/download/models/94081,[''],217321
2d,DreamShaper,4384,6.31 baked vae,94081,https://civitai.com/api/download/models/94081,[''],217321
digital illustration,DreamShaper,4384,6.31 baked vae,94081,https://civitai.com/api/download/models/94081,[''],217321
fantasy,DreamShaper,4384,6.31 baked vae,94081,https://civitai.com/api/download/models/94081,[''],217321
girls,DreamShaper,4384,6.31 baked vae,94081,https://civitai.com/api/download/models/94081,[''],217321
portraits,DreamShaper,4384,6.31 baked vae,94081,https://civitai.com/api/download/models/94081,[''],217321
realistic,DreamShaper,4384,6.31 baked vae,94081,https://civitai.com/api/download/models/94081,[''],217321
video game,DreamShaper,4384,6.31 baked vae,94081,https://civitai.com/api/download/models/94081,[''],217321
photorealistic,chillyMixBase,75706,chillymixbase V1-NED,96882,https://civitai.com/api/download/models/96882,[''],284
base model,chillyMixBase,75706,chillymixbase V1-NED,96882,https://civitai.com/api/download/models/96882,[''],284
realistic,chillyMixBase,75706,chillymixbase V1-NED,96882,https://civitai.com/api/download/models/96882,[''],284
anime,MiRAnimeFantasyV1.1.2,90886,AnimeFantasyV1.1.2,96854,https://civitai.com/api/download/models/96854,[''],70
character,MiRAnimeFantasyV1.1.2,90886,AnimeFantasyV1.1.2,96854,https://civitai.com/api/download/models/96854,[''],70
photorealistic,MiRAnimeFantasyV1.1.2,90886,AnimeFantasyV1.1.2,96854,https://civitai.com/api/download/models/96854,[''],70
style,EN-11,90835,v1.0,96798,https://civitai.com/api/download/models/96798,[''],102
2.5d,EN-11,90835,v1.0,96798,https://civitai.com/api/download/models/96798,[''],102
base model,Am I Perfection,86350,V2.0,96775,https://civitai.com/api/download/models/96775,[''],845
anime,Macchiato pastel mix,90765,v1.0,96706,https://civitai.com/api/download/models/96706,[''],204
base model,Macchiato pastel mix,90765,v1.0,96706,https://civitai.com/api/download/models/96706,[''],204
skinny,Macchiato pastel mix,90765,v1.0,96706,https://civitai.com/api/download/models/96706,[''],204
pastel,Macchiato pastel mix,90765,v1.0,96706,https://civitai.com/api/download/models/96706,[''],204
style,Miserable_lilith,89414,Rev1.0,96729,https://civitai.com/api/download/models/96729,[''],1143
anime,汉服,88891,v1.0,94589,https://civitai.com/api/download/models/94589,['hanfu'],101
hanfu,汉服,88891,v1.0,94589,https://civitai.com/api/download/models/94589,['hanfu'],101
clothing,汉服,88891,v1.0,94589,https://civitai.com/api/download/models/94589,['hanfu'],101
photorealistic,Kawaii Realistic European Mix,90694,v0.1,96638,https://civitai.com/api/download/models/96638,[''],553
sexy,Kawaii Realistic European Mix,90694,v0.1,96638,https://civitai.com/api/download/models/96638,[''],553
base model,Kawaii Realistic European Mix,90694,v0.1,96638,https://civitai.com/api/download/models/96638,[''],553
girls,Kawaii Realistic European Mix,90694,v0.1,96638,https://civitai.com/api/download/models/96638,[''],553
realistic,Kawaii Realistic European Mix,90694,v0.1,96638,https://civitai.com/api/download/models/96638,[''],553
european girl,Kawaii Realistic European Mix,90694,v0.1,96638,https://civitai.com/api/download/models/96638,[''],553
nsfw,Kawaii Realistic European Mix,90694,v0.1,96638,https://civitai.com/api/download/models/96638,[''],553
anime,Animesh,90642,v1.0,96579,https://civitai.com/api/download/models/96579,[''],433
sexy,Animesh,90642,v1.0,96579,https://civitai.com/api/download/models/96579,[''],433
base model,Animesh,90642,v1.0,96579,https://civitai.com/api/download/models/96579,[''],433
girls,Animesh,90642,v1.0,96579,https://civitai.com/api/download/models/96579,[''],433
anime,Dream-world,90644,V1(BETA),96580,https://civitai.com/api/download/models/96580,[''],124
sexy,Dream-world,90644,V1(BETA),96580,https://civitai.com/api/download/models/96580,[''],124
base model,Dream-world,90644,V1(BETA),96580,https://civitai.com/api/download/models/96580,[''],124
scenery,Dream-world,90644,V1(BETA),96580,https://civitai.com/api/download/models/96580,[''],124
woman,Dream-world,90644,V1(BETA),96580,https://civitai.com/api/download/models/96580,[''],124
building,Dream-world,90644,V1(BETA),96580,https://civitai.com/api/download/models/96580,[''],124
backgrounds,Dream-world,90644,V1(BETA),96580,https://civitai.com/api/download/models/96580,[''],124
anime,Alpha Lyrae ,88895,ver1 | FP32 + VAE,96593,https://civitai.com/api/download/models/96593,[''],662
3d,Alpha Lyrae ,88895,ver1 | FP32 + VAE,96593,https://civitai.com/api/download/models/96593,[''],662
sexy,Alpha Lyrae ,88895,ver1 | FP32 + VAE,96593,https://civitai.com/api/download/models/96593,[''],662
female,Alpha Lyrae ,88895,ver1 | FP32 + VAE,96593,https://civitai.com/api/download/models/96593,[''],662
base model,Alpha Lyrae ,88895,ver1 | FP32 + VAE,96593,https://civitai.com/api/download/models/96593,[''],662
woman,Alpha Lyrae ,88895,ver1 | FP32 + VAE,96593,https://civitai.com/api/download/models/96593,[''],662
fantasy,Alpha Lyrae ,88895,ver1 | FP32 + VAE,96593,https://civitai.com/api/download/models/96593,[''],662
girls,Alpha Lyrae ,88895,ver1 | FP32 + VAE,96593,https://civitai.com/api/download/models/96593,[''],662
photography,Alpha Lyrae ,88895,ver1 | FP32 + VAE,96593,https://civitai.com/api/download/models/96593,[''],662
portraits,Alpha Lyrae ,88895,ver1 | FP32 + VAE,96593,https://civitai.com/api/download/models/96593,[''],662
toon,Alpha Lyrae ,88895,ver1 | FP32 + VAE,96593,https://civitai.com/api/download/models/96593,[''],662
landscape,Alpha Lyrae ,88895,ver1 | FP32 + VAE,96593,https://civitai.com/api/download/models/96593,[''],662
nsfw,Alpha Lyrae ,88895,ver1 | FP32 + VAE,96593,https://civitai.com/api/download/models/96593,[''],662
sfw,Alpha Lyrae ,88895,ver1 | FP32 + VAE,96593,https://civitai.com/api/download/models/96593,[''],662
semirealistic,Alpha Lyrae ,88895,ver1 | FP32 + VAE,96593,https://civitai.com/api/download/models/96593,[''],662
mixing,Alpha Lyrae ,88895,ver1 | FP32 + VAE,96593,https://civitai.com/api/download/models/96593,[''],662
anime,CyanohydrinMix,83641,V4,96609,https://civitai.com/api/download/models/96609,[''],635
base model,CyanohydrinMix,83641,V4,96609,https://civitai.com/api/download/models/96609,[''],635
anime,Aerial,90576,Aerial_v0,96495,https://civitai.com/api/download/models/96495,[''],169
character,Aerial,90576,Aerial_v0,96495,https://civitai.com/api/download/models/96495,[''],169
sexy,Aerial,90576,Aerial_v0,96495,https://civitai.com/api/download/models/96495,[''],169
illustration,Aerial,90576,Aerial_v0,96495,https://civitai.com/api/download/models/96495,[''],169
fantasy,Aerial,90576,Aerial_v0,96495,https://civitai.com/api/download/models/96495,[''],169
girls,Aerial,90576,Aerial_v0,96495,https://civitai.com/api/download/models/96495,[''],169
style,Anything v4.5,90635,v1.0,96569,https://civitai.com/api/download/models/96569,[''],91
vector,Artistic Landscape,90562,v1.0,96481,https://civitai.com/api/download/models/96481,[''],113
watercolor,Artistic Landscape,90562,v1.0,96481,https://civitai.com/api/download/models/96481,[''],113
art,Artistic Landscape,90562,v1.0,96481,https://civitai.com/api/download/models/96481,[''],113
scenery,Artistic Landscape,90562,v1.0,96481,https://civitai.com/api/download/models/96481,[''],113
background,Artistic Landscape,90562,v1.0,96481,https://civitai.com/api/download/models/96481,[''],113
landscape,Artistic Landscape,90562,v1.0,96481,https://civitai.com/api/download/models/96481,[''],113
scene,Artistic Landscape,90562,v1.0,96481,https://civitai.com/api/download/models/96481,[''],113
vector art,Artistic Landscape,90562,v1.0,96481,https://civitai.com/api/download/models/96481,[''],113
landscape design,Artistic Landscape,90562,v1.0,96481,https://civitai.com/api/download/models/96481,[''],113
watercolors,Artistic Landscape,90562,v1.0,96481,https://civitai.com/api/download/models/96481,[''],113
vector style,Artistic Landscape,90562,v1.0,96481,https://civitai.com/api/download/models/96481,[''],113
landscape art,Artistic Landscape,90562,v1.0,96481,https://civitai.com/api/download/models/96481,[''],113
anime,pixel XL,90507,v1.0,96488,https://civitai.com/api/download/models/96488,['pixel art'],337
person,pixel XL,90507,v1.0,96488,https://civitai.com/api/download/models/96488,['pixel art'],337
female,pixel XL,90507,v1.0,96488,https://civitai.com/api/download/models/96488,['pixel art'],337
art,pixel XL,90507,v1.0,96488,https://civitai.com/api/download/models/96488,['pixel art'],337
style,pixel XL,90507,v1.0,96488,https://civitai.com/api/download/models/96488,['pixel art'],337
art style,pixel XL,90507,v1.0,96488,https://civitai.com/api/download/models/96488,['pixel art'],337
woman,pixel XL,90507,v1.0,96488,https://civitai.com/api/download/models/96488,['pixel art'],337
game character,pixel XL,90507,v1.0,96488,https://civitai.com/api/download/models/96488,['pixel art'],337
portraits,pixel XL,90507,v1.0,96488,https://civitai.com/api/download/models/96488,['pixel art'],337
video game,pixel XL,90507,v1.0,96488,https://civitai.com/api/download/models/96488,['pixel art'],337
photorealistic,Pirsus Epic Realism,56383,v2.1,96535,https://civitai.com/api/download/models/96535,[''],12338
sexy,Pirsus Epic Realism,56383,v2.1,96535,https://civitai.com/api/download/models/96535,[''],12338
female,Pirsus Epic Realism,56383,v2.1,96535,https://civitai.com/api/download/models/96535,[''],12338
portrait,Pirsus Epic Realism,56383,v2.1,96535,https://civitai.com/api/download/models/96535,[''],12338
style,Pirsus Epic Realism,56383,v2.1,96535,https://civitai.com/api/download/models/96535,[''],12338
woman,Pirsus Epic Realism,56383,v2.1,96535,https://civitai.com/api/download/models/96535,[''],12338
realistic,Pirsus Epic Realism,56383,v2.1,96535,https://civitai.com/api/download/models/96535,[''],12338
landscape,Pirsus Epic Realism,56383,v2.1,96535,https://civitai.com/api/download/models/96535,[''],12338
anime,Epic Mix - V2,32127,1.5,96458,https://civitai.com/api/download/models/96458,[''],1242
pastel,Epic Mix - V2,32127,1.5,96458,https://civitai.com/api/download/models/96458,[''],1242
style,Epic Mix - V2,32127,1.5,96458,https://civitai.com/api/download/models/96458,[''],1242
paint,Epic Mix - V2,32127,1.5,96458,https://civitai.com/api/download/models/96458,[''],1242
woman,Epic Mix - V2,32127,1.5,96458,https://civitai.com/api/download/models/96458,[''],1242
anime,Epic Mix - V4,27096,Ani-V2,96454,https://civitai.com/api/download/models/96454,[''],4335
sexy,Epic Mix - V4,27096,Ani-V2,96454,https://civitai.com/api/download/models/96454,[''],4335
manga,Epic Mix - V4,27096,Ani-V2,96454,https://civitai.com/api/download/models/96454,[''],4335
base model,Epic Mix - V4,27096,Ani-V2,96454,https://civitai.com/api/download/models/96454,[''],4335
pastel,Epic Mix - V4,27096,Ani-V2,96454,https://civitai.com/api/download/models/96454,[''],4335
{vivid colors},Epic Mix - V4,27096,Ani-V2,96454,https://civitai.com/api/download/models/96454,[''],4335
woman,Epic Mix - V4,27096,Ani-V2,96454,https://civitai.com/api/download/models/96454,[''],4335
2d,Epic Mix - V4,27096,Ani-V2,96454,https://civitai.com/api/download/models/96454,[''],4335
game character,Epic Mix - V4,27096,Ani-V2,96454,https://civitai.com/api/download/models/96454,[''],4335
video game,Epic Mix - V4,27096,Ani-V2,96454,https://civitai.com/api/download/models/96454,[''],4335
vivid colors,Epic Mix - V4,27096,Ani-V2,96454,https://civitai.com/api/download/models/96454,[''],4335
2.5d,Epic Mix - V4,27096,Ani-V2,96454,https://civitai.com/api/download/models/96454,[''],4335
1girl,Epic Mix - V4,27096,Ani-V2,96454,https://civitai.com/api/download/models/96454,[''],4335
merge,Epic Mix - V4,27096,Ani-V2,96454,https://civitai.com/api/download/models/96454,[''],4335
husbando,Epic Mix - V4,27096,Ani-V2,96454,https://civitai.com/api/download/models/96454,[''],4335
anime,SatyrRemix,90531,v1.0,96437,https://civitai.com/api/download/models/96437,[''],221
style,SatyrRemix,90531,v1.0,96437,https://civitai.com/api/download/models/96437,[''],221
nsfw,SatyrRemix,90531,v1.0,96437,https://civitai.com/api/download/models/96437,[''],221
western anime,SatyrRemix,90531,v1.0,96437,https://civitai.com/api/download/models/96437,[''],221
style,franlcalico 6000,86618,v3,96392,https://civitai.com/api/download/models/96392,['Evang'],209
anime,BreakDomain,50520,_i2428,96424,https://civitai.com/api/download/models/96424,[''],31942
style,BreakDomain,50520,_i2428,96424,https://civitai.com/api/download/models/96424,[''],31942
woman,BreakDomain,50520,_i2428,96424,https://civitai.com/api/download/models/96424,[''],31942
illustration,BreakDomain,50520,_i2428,96424,https://civitai.com/api/download/models/96424,[''],31942
photorealistic,Ari WAVEYA,25184,v2,96398,https://civitai.com/api/download/models/96398,['JangEunYoung'],190
female,Ari WAVEYA,25184,v2,96398,https://civitai.com/api/download/models/96398,['JangEunYoung'],190
youtuber,Ari WAVEYA,25184,v2,96398,https://civitai.com/api/download/models/96398,['JangEunYoung'],190
asian,Ari WAVEYA,25184,v2,96398,https://civitai.com/api/download/models/96398,['JangEunYoung'],190
dancer,Ari WAVEYA,25184,v2,96398,https://civitai.com/api/download/models/96398,['JangEunYoung'],190
woman,Ari WAVEYA,25184,v2,96398,https://civitai.com/api/download/models/96398,['JangEunYoung'],190
celebrity,Ari WAVEYA,25184,v2,96398,https://civitai.com/api/download/models/96398,['JangEunYoung'],190
korean,Ari WAVEYA,25184,v2,96398,https://civitai.com/api/download/models/96398,['JangEunYoung'],190
realistic,Ari WAVEYA,25184,v2,96398,https://civitai.com/api/download/models/96398,['JangEunYoung'],190
korean girl,Ari WAVEYA,25184,v2,96398,https://civitai.com/api/download/models/96398,['JangEunYoung'],190
korean model,Ari WAVEYA,25184,v2,96398,https://civitai.com/api/download/models/96398,['JangEunYoung'],190
ari,Ari WAVEYA,25184,v2,96398,https://civitai.com/api/download/models/96398,['JangEunYoung'],190
waveya,Ari WAVEYA,25184,v2,96398,https://civitai.com/api/download/models/96398,['JangEunYoung'],190
koreangirl,Ari WAVEYA,25184,v2,96398,https://civitai.com/api/download/models/96398,['JangEunYoung'],190
jangeunyoung,Ari WAVEYA,25184,v2,96398,https://civitai.com/api/download/models/96398,['JangEunYoung'],190
anime,KayWaii,88184,v1.2,96389,https://civitai.com/api/download/models/96389,[''],1009
female,KayWaii,88184,v1.2,96389,https://civitai.com/api/download/models/96389,[''],1009
base model,KayWaii,88184,v1.2,96389,https://civitai.com/api/download/models/96389,[''],1009
girls,KayWaii,88184,v1.2,96389,https://civitai.com/api/download/models/96389,[''],1009
male,KayWaii,88184,v1.2,96389,https://civitai.com/api/download/models/96389,[''],1009
boys,KayWaii,88184,v1.2,96389,https://civitai.com/api/download/models/96389,[''],1009
3d,kisaragi_mix,45757,v2.2,97186,https://civitai.com/api/download/models/97186,[''],8745
person,kisaragi_mix,45757,v2.2,97186,https://civitai.com/api/download/models/97186,[''],8745
photorealistic,kisaragi_mix,45757,v2.2,97186,https://civitai.com/api/download/models/97186,[''],8745
mix,kisaragi_mix,45757,v2.2,97186,https://civitai.com/api/download/models/97186,[''],8745
base model,kisaragi_mix,45757,v2.2,97186,https://civitai.com/api/download/models/97186,[''],8745
model,kisaragi_mix,45757,v2.2,97186,https://civitai.com/api/download/models/97186,[''],8745
photo,kisaragi_mix,45757,v2.2,97186,https://civitai.com/api/download/models/97186,[''],8745
woman,kisaragi_mix,45757,v2.2,97186,https://civitai.com/api/download/models/97186,[''],8745
girls,kisaragi_mix,45757,v2.2,97186,https://civitai.com/api/download/models/97186,[''],8745
japanese,kisaragi_mix,45757,v2.2,97186,https://civitai.com/api/download/models/97186,[''],8745
realistic,kisaragi_mix,45757,v2.2,97186,https://civitai.com/api/download/models/97186,[''],8745
girl，,kisaragi_mix,45757,v2.2,97186,https://civitai.com/api/download/models/97186,[''],8745
photorealistic,blue_pencil_realistic,88941,v0.5,97200,https://civitai.com/api/download/models/97200,[''],456
female,blue_pencil_realistic,88941,v0.5,97200,https://civitai.com/api/download/models/97200,[''],456
base model,blue_pencil_realistic,88941,v0.5,97200,https://civitai.com/api/download/models/97200,[''],456
realistic,blue_pencil_realistic,88941,v0.5,97200,https://civitai.com/api/download/models/97200,[''],456
portaits,OccidentalMix,63920,v2.0,97123,https://civitai.com/api/download/models/97123,[''],2657
sexy,OccidentalMix,63920,v2.0,97123,https://civitai.com/api/download/models/97123,[''],2657
female,OccidentalMix,63920,v2.0,97123,https://civitai.com/api/download/models/97123,[''],2657
western art,OccidentalMix,63920,v2.0,97123,https://civitai.com/api/download/models/97123,[''],2657
scifi,OccidentalMix,63920,v2.0,97123,https://civitai.com/api/download/models/97123,[''],2657
fantasy art,OccidentalMix,63920,v2.0,97123,https://civitai.com/api/download/models/97123,[''],2657
style,OccidentalMix,63920,v2.0,97123,https://civitai.com/api/download/models/97123,[''],2657
art style,OccidentalMix,63920,v2.0,97123,https://civitai.com/api/download/models/97123,[''],2657
woman,OccidentalMix,63920,v2.0,97123,https://civitai.com/api/download/models/97123,[''],2657
digital illustration,OccidentalMix,63920,v2.0,97123,https://civitai.com/api/download/models/97123,[''],2657
fantasy,OccidentalMix,63920,v2.0,97123,https://civitai.com/api/download/models/97123,[''],2657
girls,OccidentalMix,63920,v2.0,97123,https://civitai.com/api/download/models/97123,[''],2657
comic,OccidentalMix,63920,v2.0,97123,https://civitai.com/api/download/models/97123,[''],2657
nsfw,OccidentalMix,63920,v2.0,97123,https://civitai.com/api/download/models/97123,[''],2657
ilustation,OccidentalMix,63920,v2.0,97123,https://civitai.com/api/download/models/97123,[''],2657
comics style,OccidentalMix,63920,v2.0,97123,https://civitai.com/api/download/models/97123,[''],2657
western anime,OccidentalMix,63920,v2.0,97123,https://civitai.com/api/download/models/97123,[''],2657
scifi,BrickAndMortarMix,83867,v2.0,97124,https://civitai.com/api/download/models/97124,[''],663
fantasy,BrickAndMortarMix,83867,v2.0,97124,https://civitai.com/api/download/models/97124,[''],663
line,BrickAndMortarMix,83867,v2.0,97124,https://civitai.com/api/download/models/97124,[''],663
characters,BrickAndMortarMix,83867,v2.0,97124,https://civitai.com/api/download/models/97124,[''],663
style,extra anime,91076,v1.0,97070,https://civitai.com/api/download/models/97070,[''],161
photorealistic,epiCRealism,25694,pure Evolution,94744,https://civitai.com/api/download/models/94744,[''],33543
female,epiCRealism,25694,pure Evolution,94744,https://civitai.com/api/download/models/94744,[''],33543
analog,epiCRealism,25694,pure Evolution,94744,https://civitai.com/api/download/models/94744,[''],33543
base model,epiCRealism,25694,pure Evolution,94744,https://civitai.com/api/download/models/94744,[''],33543
portrait,epiCRealism,25694,pure Evolution,94744,https://civitai.com/api/download/models/94744,[''],33543
raw photo,epiCRealism,25694,pure Evolution,94744,https://civitai.com/api/download/models/94744,[''],33543
woman,epiCRealism,25694,pure Evolution,94744,https://civitai.com/api/download/models/94744,[''],33543
photorealism,epiCRealism,25694,pure Evolution,94744,https://civitai.com/api/download/models/94744,[''],33543
photoshoot,epiCRealism,25694,pure Evolution,94744,https://civitai.com/api/download/models/94744,[''],33543
natural colors,epiCRealism,25694,pure Evolution,94744,https://civitai.com/api/download/models/94744,[''],33543
1girl,epiCRealism,25694,pure Evolution,94744,https://civitai.com/api/download/models/94744,[''],33543
anime,PocketNoise,82466,Beta,97059,https://civitai.com/api/download/models/97059,[''],339
base model,PocketNoise,82466,Beta,97059,https://civitai.com/api/download/models/97059,[''],339
illustration,PocketNoise,82466,Beta,97059,https://civitai.com/api/download/models/97059,[''],339
gradient,PocketNoise,82466,Beta,97059,https://civitai.com/api/download/models/97059,[''],339
female,PocketNoise,82466,Beta,97059,https://civitai.com/api/download/models/97059,[''],339
colorful,PocketNoise,82466,Beta,97059,https://civitai.com/api/download/models/97059,[''],339
sexy,Meichidark_Mix,69158,Meichidark_MIX_3.8,97047,https://civitai.com/api/download/models/97047,[''],11125
female,Meichidark_Mix,69158,Meichidark_MIX_3.8,97047,https://civitai.com/api/download/models/97047,[''],11125
style,Meichidark_Mix,69158,Meichidark_MIX_3.8,97047,https://civitai.com/api/download/models/97047,[''],11125
woman,Meichidark_Mix,69158,Meichidark_MIX_3.8,97047,https://civitai.com/api/download/models/97047,[''],11125
fantasy,Meichidark_Mix,69158,Meichidark_MIX_3.8,97047,https://civitai.com/api/download/models/97047,[''],11125
realistic,Meichidark_Mix,69158,Meichidark_MIX_3.8,97047,https://civitai.com/api/download/models/97047,[''],11125
nsfw,Meichidark_Mix,69158,Meichidark_MIX_3.8,97047,https://civitai.com/api/download/models/97047,[''],11125
2.5d,Meichidark_Mix,69158,Meichidark_MIX_3.8,97047,https://civitai.com/api/download/models/97047,[''],11125
anime,Alpha Lyrae ,88895,HeavenED FP16 (Pruned),97228,https://civitai.com/api/download/models/97228,[''],748
3d,Alpha Lyrae ,88895,HeavenED FP16 (Pruned),97228,https://civitai.com/api/download/models/97228,[''],748
sexy,Alpha Lyrae ,88895,HeavenED FP16 (Pruned),97228,https://civitai.com/api/download/models/97228,[''],748
female,Alpha Lyrae ,88895,HeavenED FP16 (Pruned),97228,https://civitai.com/api/download/models/97228,[''],748
base model,Alpha Lyrae ,88895,HeavenED FP16 (Pruned),97228,https://civitai.com/api/download/models/97228,[''],748
woman,Alpha Lyrae ,88895,HeavenED FP16 (Pruned),97228,https://civitai.com/api/download/models/97228,[''],748
fantasy,Alpha Lyrae ,88895,HeavenED FP16 (Pruned),97228,https://civitai.com/api/download/models/97228,[''],748
girls,Alpha Lyrae ,88895,HeavenED FP16 (Pruned),97228,https://civitai.com/api/download/models/97228,[''],748
photography,Alpha Lyrae ,88895,HeavenED FP16 (Pruned),97228,https://civitai.com/api/download/models/97228,[''],748
portraits,Alpha Lyrae ,88895,HeavenED FP16 (Pruned),97228,https://civitai.com/api/download/models/97228,[''],748
toon,Alpha Lyrae ,88895,HeavenED FP16 (Pruned),97228,https://civitai.com/api/download/models/97228,[''],748
landscape,Alpha Lyrae ,88895,HeavenED FP16 (Pruned),97228,https://civitai.com/api/download/models/97228,[''],748
nsfw,Alpha Lyrae ,88895,HeavenED FP16 (Pruned),97228,https://civitai.com/api/download/models/97228,[''],748
sfw,Alpha Lyrae ,88895,HeavenED FP16 (Pruned),97228,https://civitai.com/api/download/models/97228,[''],748
semirealistic,Alpha Lyrae ,88895,HeavenED FP16 (Pruned),97228,https://civitai.com/api/download/models/97228,[''],748
mixing,Alpha Lyrae ,88895,HeavenED FP16 (Pruned),97228,https://civitai.com/api/download/models/97228,[''],748
anime,BBMIX-JUDE,91213,v1.0,97212,https://civitai.com/api/download/models/97212,"['masterpiece,best quality']",89
character,BBMIX-JUDE,91213,v1.0,97212,https://civitai.com/api/download/models/97212,"['masterpiece,best quality']",89
photorealistic,BBMIX-JUDE,91213,v1.0,97212,https://civitai.com/api/download/models/97212,"['masterpiece,best quality']",89
sexy,BBMIX-JUDE,91213,v1.0,97212,https://civitai.com/api/download/models/97212,"['masterpiece,best quality']",89
female,BBMIX-JUDE,91213,v1.0,97212,https://civitai.com/api/download/models/97212,"['masterpiece,best quality']",89
woman,BBMIX-JUDE,91213,v1.0,97212,https://civitai.com/api/download/models/97212,"['masterpiece,best quality']",89
girls,BBMIX-JUDE,91213,v1.0,97212,https://civitai.com/api/download/models/97212,"['masterpiece,best quality']",89
female,Arabic Abaya,91138,v1.0,97137,https://civitai.com/api/download/models/97137,[''],3
woman,Arabic Abaya,91138,v1.0,97137,https://civitai.com/api/download/models/97137,[''],3
clothing,Arabic Abaya,91138,v1.0,97137,https://civitai.com/api/download/models/97137,[''],3
girls,Arabic Abaya,91138,v1.0,97137,https://civitai.com/api/download/models/97137,[''],3
iraq,Arabic Abaya,91138,v1.0,97137,https://civitai.com/api/download/models/97137,[''],3
arabic clothes,Arabic Abaya,91138,v1.0,97137,https://civitai.com/api/download/models/97137,[''],3
arabic style,Arabic Abaya,91138,v1.0,97137,https://civitai.com/api/download/models/97137,[''],3
baghdad,Arabic Abaya,91138,v1.0,97137,https://civitai.com/api/download/models/97137,[''],3
anime,咸鱼大涂抹-The old fish Spread,14462,23615-1417,96386,https://civitai.com/api/download/models/96386,[''],1702
style,咸鱼大涂抹-The old fish Spread,14462,23615-1417,96386,https://civitai.com/api/download/models/96386,[''],1702
art style,咸鱼大涂抹-The old fish Spread,14462,23615-1417,96386,https://civitai.com/api/download/models/96386,[''],1702
illustration,咸鱼大涂抹-The old fish Spread,14462,23615-1417,96386,https://civitai.com/api/download/models/96386,[''],1702
artstyle,咸鱼大涂抹-The old fish Spread,14462,23615-1417,96386,https://civitai.com/api/download/models/96386,[''],1702
girls,咸鱼大涂抹-The old fish Spread,14462,23615-1417,96386,https://civitai.com/api/download/models/96386,[''],1702
style,Garcia 10000 model,88508,v3 Safetenser ,96350,https://civitai.com/api/download/models/96350,['Evang'],232
anime,小插画-little illustration,15250,23615-1435,96373,https://civitai.com/api/download/models/96373,[''],1358
art style,小插画-little illustration,15250,23615-1435,96373,https://civitai.com/api/download/models/96373,[''],1358
illustration,小插画-little illustration,15250,23615-1435,96373,https://civitai.com/api/download/models/96373,[''],1358
anime,啥玩意完犊子（大概是一种古早画风）- old fish,14978,23615-1438,96369,https://civitai.com/api/download/models/96369,[''],20176
style,啥玩意完犊子（大概是一种古早画风）- old fish,14978,23615-1438,96369,https://civitai.com/api/download/models/96369,[''],20176
art style,啥玩意完犊子（大概是一种古早画风）- old fish,14978,23615-1438,96369,https://civitai.com/api/download/models/96369,[''],20176
illustration,啥玩意完犊子（大概是一种古早画风）- old fish,14978,23615-1438,96369,https://civitai.com/api/download/models/96369,[''],20176
artstyle,啥玩意完犊子（大概是一种古早画风）- old fish,14978,23615-1438,96369,https://civitai.com/api/download/models/96369,[''],20176
anime,IdentityCrisis,89075,v2.0,96319,https://civitai.com/api/download/models/96319,"['anthro,monster girl,colored skin,furry']",1409
concept,IdentityCrisis,89075,v2.0,96319,https://civitai.com/api/download/models/96319,"['anthro,monster girl,colored skin,furry']",1409
monster girl,IdentityCrisis,89075,v2.0,96319,https://civitai.com/api/download/models/96319,"['anthro,monster girl,colored skin,furry']",1409
base model,Fleeting-Radiance Mix 流光,34187,v5.0,76624,https://civitai.com/api/download/models/76624,[''],3022
anime,Agelesnate,91263,v1.0,97265,https://civitai.com/api/download/models/97265,[''],0
character,Agelesnate,91263,v1.0,97265,https://civitai.com/api/download/models/97265,[''],0
female,Agelesnate,91263,v1.0,97265,https://civitai.com/api/download/models/97265,[''],0
woman,Agelesnate,91263,v1.0,97265,https://civitai.com/api/download/models/97265,[''],0
game character,Agelesnate,91263,v1.0,97265,https://civitai.com/api/download/models/97265,[''],0
girls,Agelesnate,91263,v1.0,97265,https://civitai.com/api/download/models/97265,[''],0
portraits,Agelesnate,91263,v1.0,97265,https://civitai.com/api/download/models/97265,[''],0
video game,Agelesnate,91263,v1.0,97265,https://civitai.com/api/download/models/97265,[''],0
style,DarkToon,91295,v1.0,97291,https://civitai.com/api/download/models/97291,[''],45
anime,Animesh,90642,v1.0-Pruned,97308,https://civitai.com/api/download/models/97308,[''],575
sexy,Animesh,90642,v1.0-Pruned,97308,https://civitai.com/api/download/models/97308,[''],575
base model,Animesh,90642,v1.0-Pruned,97308,https://civitai.com/api/download/models/97308,[''],575
girls,Animesh,90642,v1.0-Pruned,97308,https://civitai.com/api/download/models/97308,[''],575
anime,SatyrRemix,90531,v1.0 safetensors,97304,https://civitai.com/api/download/models/97304,[''],244
style,SatyrRemix,90531,v1.0 safetensors,97304,https://civitai.com/api/download/models/97304,[''],244
nsfw,SatyrRemix,90531,v1.0 safetensors,97304,https://civitai.com/api/download/models/97304,[''],244
western anime,SatyrRemix,90531,v1.0 safetensors,97304,https://civitai.com/api/download/models/97304,[''],244
anime,hellopure,88202,hellopure_v2.16,96270,https://civitai.com/api/download/models/96270,[''],711
character,hellopure,88202,hellopure_v2.16,96270,https://civitai.com/api/download/models/96270,[''],711
sexy,hellopure,88202,hellopure_v2.16,96270,https://civitai.com/api/download/models/96270,[''],711
girls,hellopure,88202,hellopure_v2.16,96270,https://civitai.com/api/download/models/96270,[''],711
female,XenoEngine 6th Sense,90350,v1.0,96220,https://civitai.com/api/download/models/96220,[''],372
style,XenoEngine 6th Sense,90350,v1.0,96220,https://civitai.com/api/download/models/96220,[''],372
art style,XenoEngine 6th Sense,90350,v1.0,96220,https://civitai.com/api/download/models/96220,[''],372
woman,XenoEngine 6th Sense,90350,v1.0,96220,https://civitai.com/api/download/models/96220,[''],372
sex,XenoEngine 6th Sense,90350,v1.0,96220,https://civitai.com/api/download/models/96220,[''],372
nsfw,XenoEngine 6th Sense,90350,v1.0,96220,https://civitai.com/api/download/models/96220,[''],372
xenoengine,XenoEngine 6th Sense,90350,v1.0,96220,https://civitai.com/api/download/models/96220,[''],372
3d,mutsuki_mix,45614,v2,96258,https://civitai.com/api/download/models/96258,[''],1619
person,mutsuki_mix,45614,v2,96258,https://civitai.com/api/download/models/96258,[''],1619
photorealistic,mutsuki_mix,45614,v2,96258,https://civitai.com/api/download/models/96258,[''],1619
mix,mutsuki_mix,45614,v2,96258,https://civitai.com/api/download/models/96258,[''],1619
base model,mutsuki_mix,45614,v2,96258,https://civitai.com/api/download/models/96258,[''],1619
model,mutsuki_mix,45614,v2,96258,https://civitai.com/api/download/models/96258,[''],1619
photo,mutsuki_mix,45614,v2,96258,https://civitai.com/api/download/models/96258,[''],1619
woman,mutsuki_mix,45614,v2,96258,https://civitai.com/api/download/models/96258,[''],1619
realistic,mutsuki_mix,45614,v2,96258,https://civitai.com/api/download/models/96258,[''],1619
"girl,",mutsuki_mix,45614,v2,96258,https://civitai.com/api/download/models/96258,[''],1619
anime,Mix Anime Fantasy V1.0,90366,Mix Anime Fantasy 1,96238,https://civitai.com/api/download/models/96238,[''],157
character,Mix Anime Fantasy V1.0,90366,Mix Anime Fantasy 1,96238,https://civitai.com/api/download/models/96238,[''],157
female,Mix Anime Fantasy V1.0,90366,Mix Anime Fantasy 1,96238,https://civitai.com/api/download/models/96238,[''],157
fantasy,Mix Anime Fantasy V1.0,90366,Mix Anime Fantasy 1,96238,https://civitai.com/api/download/models/96238,[''],157
base model,yayoi_mix,83096,v1.31,96244,https://civitai.com/api/download/models/96244,[''],2317
woman,yayoi_mix,83096,v1.31,96244,https://civitai.com/api/download/models/96244,[''],2317
girls,yayoi_mix,83096,v1.31,96244,https://civitai.com/api/download/models/96244,[''],2317
japanese,yayoi_mix,83096,v1.31,96244,https://civitai.com/api/download/models/96244,[''],2317
realistic,yayoi_mix,83096,v1.31,96244,https://civitai.com/api/download/models/96244,[''],2317
character，,yayoi_mix,83096,v1.31,96244,https://civitai.com/api/download/models/96244,[''],2317
checkpoint,yayoi_mix,83096,v1.31,96244,https://civitai.com/api/download/models/96244,[''],2317
basemodel,yayoi_mix,83096,v1.31,96244,https://civitai.com/api/download/models/96244,[''],2317
anime,KiannahMix!,90323,v1.0,96195,https://civitai.com/api/download/models/96195,[''],406
base model,KiannahMix!,90323,v1.0,96195,https://civitai.com/api/download/models/96195,[''],406
photorealistic,ZavyMix,89381,a2,95141,https://civitai.com/api/download/models/95141,[''],703
base model,ZavyMix,89381,a2,95141,https://civitai.com/api/download/models/95141,[''],703
macro,ZavyMix,89381,a2,95141,https://civitai.com/api/download/models/95141,[''],703
magical,ZavyMix,89381,a2,95141,https://civitai.com/api/download/models/95141,[''],703
fantasy,ZavyMix,89381,a2,95141,https://civitai.com/api/download/models/95141,[''],703
realistic,ZavyMix,89381,a2,95141,https://civitai.com/api/download/models/95141,[''],703
composition,ZavyMix,89381,a2,95141,https://civitai.com/api/download/models/95141,[''],703
landscape,ZavyMix,89381,a2,95141,https://civitai.com/api/download/models/95141,[''],703
2.5d,ZavyMix,89381,a2,95141,https://civitai.com/api/download/models/95141,[''],703
anime,Mix Anime Realistic V1.7,88536,Mix Anime Realistic V1.7,96213,https://civitai.com/api/download/models/96213,[''],231
character,Mix Anime Realistic V1.7,88536,Mix Anime Realistic V1.7,96213,https://civitai.com/api/download/models/96213,[''],231
photorealistic,Mix Anime Realistic V1.7,88536,Mix Anime Realistic V1.7,96213,https://civitai.com/api/download/models/96213,[''],231
female,Mix Anime Realistic V1.7,88536,Mix Anime Realistic V1.7,96213,https://civitai.com/api/download/models/96213,[''],231
realistic,Mix Anime Realistic V1.7,88536,Mix Anime Realistic V1.7,96213,https://civitai.com/api/download/models/96213,[''],231
anime,CT,76497,CTM,96097,https://civitai.com/api/download/models/96097,[''],509
landscape,CT,76497,CTM,96097,https://civitai.com/api/download/models/96097,[''],509
semi-realism,CT,76497,CTM,96097,https://civitai.com/api/download/models/96097,[''],509
ct,CT,76497,CTM,96097,https://civitai.com/api/download/models/96097,[''],509
ct_v1,CT,76497,CTM,96097,https://civitai.com/api/download/models/96097,[''],509
ctv1,CT,76497,CTM,96097,https://civitai.com/api/download/models/96097,[''],509
ctm,CT,76497,CTM,96097,https://civitai.com/api/download/models/96097,[''],509
ct-m,CT,76497,CTM,96097,https://civitai.com/api/download/models/96097,[''],509
anime,DragonfruitMix,91537,v1.0,97561,https://civitai.com/api/download/models/97561,[''],73
sexy,DragonfruitMix,91537,v1.0,97561,https://civitai.com/api/download/models/97561,[''],73
base model,DragonfruitMix,91537,v1.0,97561,https://civitai.com/api/download/models/97561,[''],73
artstyle,DragonfruitMix,91537,v1.0,97561,https://civitai.com/api/download/models/97561,[''],73
anime,tangbohu 2D mix,43747,06178,97547,https://civitai.com/api/download/models/97547,[''],721
base model,tangbohu 2D mix,43747,06178,97547,https://civitai.com/api/download/models/97547,[''],721
anime,Nothing Clay Mann,91533,v1.0,97562,https://civitai.com/api/download/models/97562,['Clay Mann'],69
base model,Nothing Clay Mann,91533,v1.0,97562,https://civitai.com/api/download/models/97562,['Clay Mann'],69
western,Nothing Clay Mann,91533,v1.0,97562,https://civitai.com/api/download/models/97562,['Clay Mann'],69
clay mann,Nothing Clay Mann,91533,v1.0,97562,https://civitai.com/api/download/models/97562,['Clay Mann'],69
anime,Chaos3.0,91534,v1.0,97557,https://civitai.com/api/download/models/97557,[''],70
base model,Chaos3.0,91534,v1.0,97557,https://civitai.com/api/download/models/97557,[''],70
art style,Chaos3.0,91534,v1.0,97557,https://civitai.com/api/download/models/97557,[''],70
character,MDRealisticV1.0,68946,MDRealisticV1.2,97526,https://civitai.com/api/download/models/97526,[''],543
photorealistic,MDRealisticV1.0,68946,MDRealisticV1.2,97526,https://civitai.com/api/download/models/97526,[''],543
female,MDRealisticV1.0,68946,MDRealisticV1.2,97526,https://civitai.com/api/download/models/97526,[''],543
woman,MDRealisticV1.0,68946,MDRealisticV1.2,97526,https://civitai.com/api/download/models/97526,[''],543
game character,MDRealisticV1.0,68946,MDRealisticV1.2,97526,https://civitai.com/api/download/models/97526,[''],543
anime,ANC-Mix,59331,v3.0,97532,https://civitai.com/api/download/models/97532,[''],699
base model,ANC-Mix,59331,v3.0,97532,https://civitai.com/api/download/models/97532,[''],699
woman,ANC-Mix,59331,v3.0,97532,https://civitai.com/api/download/models/97532,[''],699
illustration,ANC-Mix,59331,v3.0,97532,https://civitai.com/api/download/models/97532,[''],699
cute,ANC-Mix,59331,v3.0,97532,https://civitai.com/api/download/models/97532,[''],699
girls,ANC-Mix,59331,v3.0,97532,https://civitai.com/api/download/models/97532,[''],699
2.5d,ANC-Mix,59331,v3.0,97532,https://civitai.com/api/download/models/97532,[''],699
anime,Matrix-Anime,84130,v1.4-VAE,97528,https://civitai.com/api/download/models/97528,"['girl,boy,man,woman,robo']",1074
character,Matrix-Anime,84130,v1.4-VAE,97528,https://civitai.com/api/download/models/97528,"['girl,boy,man,woman,robo']",1074
style,LB ,91430,v1.0,97443,https://civitai.com/api/download/models/97443,['Evang'],47
creature,LB ,91430,v1.0,97443,https://civitai.com/api/download/models/97443,['Evang'],47
anime,July,91419,V2,97431,https://civitai.com/api/download/models/97431,[''],99
person,July,91419,V2,97431,https://civitai.com/api/download/models/97431,[''],99
photorealistic,July,91419,V2,97431,https://civitai.com/api/download/models/97431,[''],99
sexy,July,91419,V2,97431,https://civitai.com/api/download/models/97431,[''],99
style,July,91419,V2,97431,https://civitai.com/api/download/models/97431,[''],99
art style,July,91419,V2,97431,https://civitai.com/api/download/models/97431,[''],99
woman,July,91419,V2,97431,https://civitai.com/api/download/models/97431,[''],99
illustration,July,91419,V2,97431,https://civitai.com/api/download/models/97431,[''],99
game character,July,91419,V2,97431,https://civitai.com/api/download/models/97431,[''],99
girls,July,91419,V2,97431,https://civitai.com/api/download/models/97431,[''],99
portraits,July,91419,V2,97431,https://civitai.com/api/download/models/97431,[''],99
realistic,July,91419,V2,97431,https://civitai.com/api/download/models/97431,[''],99
video game,July,91419,V2,97431,https://civitai.com/api/download/models/97431,[''],99
creatures,ChimeraMix,24728,v4,97393,https://civitai.com/api/download/models/97393,[''],2509
base model,ChimeraMix,24728,v4,97393,https://civitai.com/api/download/models/97393,[''],2509
flexible,ChimeraMix,24728,v4,97393,https://civitai.com/api/download/models/97393,[''],2509
fantasy,ChimeraMix,24728,v4,97393,https://civitai.com/api/download/models/97393,[''],2509
realistic,ChimeraMix,24728,v4,97393,https://civitai.com/api/download/models/97393,[''],2509
creativity,ChimeraMix,24728,v4,97393,https://civitai.com/api/download/models/97393,[''],2509
anime,Mix Anime Realistic V1.7,88536,MixAnimeRealisticV1.8,97593,https://civitai.com/api/download/models/97593,[''],227
character,Mix Anime Realistic V1.7,88536,MixAnimeRealisticV1.8,97593,https://civitai.com/api/download/models/97593,[''],227
photorealistic,Mix Anime Realistic V1.7,88536,MixAnimeRealisticV1.8,97593,https://civitai.com/api/download/models/97593,[''],227
female,Mix Anime Realistic V1.7,88536,MixAnimeRealisticV1.8,97593,https://civitai.com/api/download/models/97593,[''],227
realistic,Mix Anime Realistic V1.7,88536,MixAnimeRealisticV1.8,97593,https://civitai.com/api/download/models/97593,[''],227
base model,T-anime-v3,69552,v3.0,97399,https://civitai.com/api/download/models/97399,[''],1706
character,CosplayMix,34502,v4.0,97664,https://civitai.com/api/download/models/97664,[''],11628
photorealistic,CosplayMix,34502,v4.0,97664,https://civitai.com/api/download/models/97664,[''],11628
female,CosplayMix,34502,v4.0,97664,https://civitai.com/api/download/models/97664,[''],11628
cosplay,CosplayMix,34502,v4.0,97664,https://civitai.com/api/download/models/97664,[''],11628
woman,CosplayMix,34502,v4.0,97664,https://civitai.com/api/download/models/97664,[''],11628
anime,Stoked Illustration,81959,v1.1,96764,https://civitai.com/api/download/models/96764,[''],285
landscapes,Stoked Illustration,81959,v1.1,96764,https://civitai.com/api/download/models/96764,[''],285
abstract,Stoked Illustration,81959,v1.1,96764,https://civitai.com/api/download/models/96764,[''],285
base model,Stoked Illustration,81959,v1.1,96764,https://civitai.com/api/download/models/96764,[''],285
stylized,Stoked Illustration,81959,v1.1,96764,https://civitai.com/api/download/models/96764,[''],285
illustration,Stoked Illustration,81959,v1.1,96764,https://civitai.com/api/download/models/96764,[''],285
characters,Stoked Illustration,81959,v1.1,96764,https://civitai.com/api/download/models/96764,[''],285
character,Realistic Vision V2.0,4201,V2.0 (no VAE),29460,https://civitai.com/api/download/models/29460,"['analog style,modelshoot style,nsfw,nudity']",225641
photorealistic,Realistic Vision V2.0,4201,V2.0 (no VAE),29460,https://civitai.com/api/download/models/29460,"['analog style,modelshoot style,nsfw,nudity']",225641
anatomical,Realistic Vision V2.0,4201,V2.0 (no VAE),29460,https://civitai.com/api/download/models/29460,"['analog style,modelshoot style,nsfw,nudity']",225641
cgi,Realistic Vision V2.0,4201,V2.0 (no VAE),29460,https://civitai.com/api/download/models/29460,"['analog style,modelshoot style,nsfw,nudity']",225641
realistic,Realistic Vision V2.0,4201,V2.0 (no VAE),29460,https://civitai.com/api/download/models/29460,"['analog style,modelshoot style,nsfw,nudity']",225641
semi-realistic,Realistic Vision V2.0,4201,V2.0 (no VAE),29460,https://civitai.com/api/download/models/29460,"['analog style,modelshoot style,nsfw,nudity']",225641
base model,majicMIX realistic,43331,v6,94640,https://civitai.com/api/download/models/94640,[''],214008
realistic,majicMIX realistic,43331,v6,94640,https://civitai.com/api/download/models/94640,[''],214008
character,Deliberate,4823,v2,15236,https://civitai.com/api/download/models/15236,[''],201373
girl,Deliberate,4823,v2,15236,https://civitai.com/api/download/models/15236,[''],201373
3d,Deliberate,4823,v2,15236,https://civitai.com/api/download/models/15236,[''],201373
subject,Deliberate,4823,v2,15236,https://civitai.com/api/download/models/15236,[''],201373
render,Deliberate,4823,v2,15236,https://civitai.com/api/download/models/15236,[''],201373
photorealistic,Deliberate,4823,v2,15236,https://civitai.com/api/download/models/15236,[''],201373
female,Deliberate,4823,v2,15236,https://civitai.com/api/download/models/15236,[''],201373
retro,Deliberate,4823,v2,15236,https://civitai.com/api/download/models/15236,[''],201373
anatomical,Deliberate,4823,v2,15236,https://civitai.com/api/download/models/15236,[''],201373
art,Deliberate,4823,v2,15236,https://civitai.com/api/download/models/15236,[''],201373
intricate,Deliberate,4823,v2,15236,https://civitai.com/api/download/models/15236,[''],201373
accurate,Deliberate,4823,v2,15236,https://civitai.com/api/download/models/15236,[''],201373
woman,Deliberate,4823,v2,15236,https://civitai.com/api/download/models/15236,[''],201373
illustration,Deliberate,4823,v2,15236,https://civitai.com/api/download/models/15236,[''],201373
cars,Deliberate,4823,v2,15236,https://civitai.com/api/download/models/15236,[''],201373
cartoon,Deliberate,4823,v2,15236,https://civitai.com/api/download/models/15236,[''],201373
cinematic,Deliberate,4823,v2,15236,https://civitai.com/api/download/models/15236,[''],201373
fantasy,Deliberate,4823,v2,15236,https://civitai.com/api/download/models/15236,[''],201373
photography,Deliberate,4823,v2,15236,https://civitai.com/api/download/models/15236,[''],201373
realistic,Deliberate,4823,v2,15236,https://civitai.com/api/download/models/15236,[''],201373
anime,ReV Animated,7371,v1.2.2,46846,https://civitai.com/api/download/models/46846,[''],167510
character,ReV Animated,7371,v1.2.2,46846,https://civitai.com/api/download/models/46846,[''],167510
illustration,ReV Animated,7371,v1.2.2,46846,https://civitai.com/api/download/models/46846,[''],167510
cartoon,ReV Animated,7371,v1.2.2,46846,https://civitai.com/api/download/models/46846,[''],167510
fantasy,ReV Animated,7371,v1.2.2,46846,https://civitai.com/api/download/models/46846,[''],167510
portraits,ReV Animated,7371,v1.2.2,46846,https://civitai.com/api/download/models/46846,[''],167510
anime, Counterfeit-V3.0,4468,v3.0,57618,https://civitai.com/api/download/models/57618,['girl'],164365
base model, Counterfeit-V3.0,4468,v3.0,57618,https://civitai.com/api/download/models/57618,['girl'],164365
anime,MeinaMix,7240,Meina V10,80511,https://civitai.com/api/download/models/80511,[''],147860
girl,MeinaMix,7240,Meina V10,80511,https://civitai.com/api/download/models/80511,[''],147860
sexy,MeinaMix,7240,Meina V10,80511,https://civitai.com/api/download/models/80511,[''],147860
female,MeinaMix,7240,Meina V10,80511,https://civitai.com/api/download/models/80511,[''],147860
mix,MeinaMix,7240,Meina V10,80511,https://civitai.com/api/download/models/80511,[''],147860
base model,MeinaMix,7240,Meina V10,80511,https://civitai.com/api/download/models/80511,[''],147860
model,MeinaMix,7240,Meina V10,80511,https://civitai.com/api/download/models/80511,[''],147860
illustration,MeinaMix,7240,Meina V10,80511,https://civitai.com/api/download/models/80511,[''],147860
2d,MeinaMix,7240,Meina V10,80511,https://civitai.com/api/download/models/80511,[''],147860
artstyle,MeinaMix,7240,Meina V10,80511,https://civitai.com/api/download/models/80511,[''],147860
portraits,MeinaMix,7240,Meina V10,80511,https://civitai.com/api/download/models/80511,[''],147860
semi-realistic,MeinaMix,7240,Meina V10,80511,https://civitai.com/api/download/models/80511,[''],147860
landscape,MeinaMix,7240,Meina V10,80511,https://civitai.com/api/download/models/80511,[''],147860
styles,MeinaMix,7240,Meina V10,80511,https://civitai.com/api/download/models/80511,[''],147860
base model,Beautiful Realistic Asians,25494,Brav5,63786,https://civitai.com/api/download/models/63786,[''],133568
photo,Beautiful Realistic Asians,25494,Brav5,63786,https://civitai.com/api/download/models/63786,[''],133568
japanese,Beautiful Realistic Asians,25494,Brav5,63786,https://civitai.com/api/download/models/63786,[''],133568
realistic,Beautiful Realistic Asians,25494,Brav5,63786,https://civitai.com/api/download/models/63786,[''],133568
women,Beautiful Realistic Asians,25494,Brav5,63786,https://civitai.com/api/download/models/63786,[''],133568
anime,Cetus-Mix,6755,V4,78676,https://civitai.com/api/download/models/78676,[''],119055
style,Cetus-Mix,6755,V4,78676,https://civitai.com/api/download/models/78676,[''],119055
2d,Cetus-Mix,6755,V4,78676,https://civitai.com/api/download/models/78676,[''],119055
2.5d,Cetus-Mix,6755,V4,78676,https://civitai.com/api/download/models/78676,[''],119055
basemodel,Cetus-Mix,6755,V4,78676,https://civitai.com/api/download/models/78676,[''],119055
styles,Cetus-Mix,6755,V4,78676,https://civitai.com/api/download/models/78676,[''],119055
eagelaxis,Cetus-Mix,6755,V4,78676,https://civitai.com/api/download/models/78676,[''],119055
anime,万象熔炉 | Anything V5/Ink,9409,V3.2++[ink],90854,https://civitai.com/api/download/models/90854,[''],85806
base model,万象熔炉 | Anything V5/Ink,9409,V3.2++[ink],90854,https://civitai.com/api/download/models/90854,[''],85806
girl,CyberRealistic ,15003,v3.1,89680,https://civitai.com/api/download/models/89680,[''],85437
photorealistic,CyberRealistic ,15003,v3.1,89680,https://civitai.com/api/download/models/89680,[''],85437
female,CyberRealistic ,15003,v3.1,89680,https://civitai.com/api/download/models/89680,[''],85437
highly detailed,CyberRealistic ,15003,v3.1,89680,https://civitai.com/api/download/models/89680,[''],85437
base model,CyberRealistic ,15003,v3.1,89680,https://civitai.com/api/download/models/89680,[''],85437
beautiful,CyberRealistic ,15003,v3.1,89680,https://civitai.com/api/download/models/89680,[''],85437
male,CyberRealistic ,15003,v3.1,89680,https://civitai.com/api/download/models/89680,[''],85437
photorealism,CyberRealistic ,15003,v3.1,89680,https://civitai.com/api/download/models/89680,[''],85437
realistic,CyberRealistic ,15003,v3.1,89680,https://civitai.com/api/download/models/89680,[''],85437
anime,NeverEnding Dream (NED),10028,v1.22 baked vae,64094,https://civitai.com/api/download/models/64094,[''],76705
landscapes,NeverEnding Dream (NED),10028,v1.22 baked vae,64094,https://civitai.com/api/download/models/64094,[''],76705
girl,NeverEnding Dream (NED),10028,v1.22 baked vae,64094,https://civitai.com/api/download/models/64094,[''],76705
3d,NeverEnding Dream (NED),10028,v1.22 baked vae,64094,https://civitai.com/api/download/models/64094,[''],76705
photorealistic,NeverEnding Dream (NED),10028,v1.22 baked vae,64094,https://civitai.com/api/download/models/64094,[''],76705
female,NeverEnding Dream (NED),10028,v1.22 baked vae,64094,https://civitai.com/api/download/models/64094,[''],76705
cosplay,NeverEnding Dream (NED),10028,v1.22 baked vae,64094,https://civitai.com/api/download/models/64094,[''],76705
base model,NeverEnding Dream (NED),10028,v1.22 baked vae,64094,https://civitai.com/api/download/models/64094,[''],76705
art style,NeverEnding Dream (NED),10028,v1.22 baked vae,64094,https://civitai.com/api/download/models/64094,[''],76705
woman,NeverEnding Dream (NED),10028,v1.22 baked vae,64094,https://civitai.com/api/download/models/64094,[''],76705
illustration,NeverEnding Dream (NED),10028,v1.22 baked vae,64094,https://civitai.com/api/download/models/64094,[''],76705
digital illustration,NeverEnding Dream (NED),10028,v1.22 baked vae,64094,https://civitai.com/api/download/models/64094,[''],76705
fantasy,NeverEnding Dream (NED),10028,v1.22 baked vae,64094,https://civitai.com/api/download/models/64094,[''],76705
girls,NeverEnding Dream (NED),10028,v1.22 baked vae,64094,https://civitai.com/api/download/models/64094,[''],76705
photography,NeverEnding Dream (NED),10028,v1.22 baked vae,64094,https://civitai.com/api/download/models/64094,[''],76705
portraits,NeverEnding Dream (NED),10028,v1.22 baked vae,64094,https://civitai.com/api/download/models/64094,[''],76705
realistic,NeverEnding Dream (NED),10028,v1.22 baked vae,64094,https://civitai.com/api/download/models/64094,[''],76705
semi-realistic,NeverEnding Dream (NED),10028,v1.22 baked vae,64094,https://civitai.com/api/download/models/64094,[''],76705
video game,NeverEnding Dream (NED),10028,v1.22 baked vae,64094,https://civitai.com/api/download/models/64094,[''],76705
women,NeverEnding Dream (NED),10028,v1.22 baked vae,64094,https://civitai.com/api/download/models/64094,[''],76705
anime,GhostMix,36520,v2.0-BakedVAE,76907,https://civitai.com/api/download/models/76907,[''],76037
photorealistic,GhostMix,36520,v2.0-BakedVAE,76907,https://civitai.com/api/download/models/76907,[''],76037
female,GhostMix,36520,v2.0-BakedVAE,76907,https://civitai.com/api/download/models/76907,[''],76037
base model,GhostMix,36520,v2.0-BakedVAE,76907,https://civitai.com/api/download/models/76907,[''],76037
art style,GhostMix,36520,v2.0-BakedVAE,76907,https://civitai.com/api/download/models/76907,[''],76037
game character,GhostMix,36520,v2.0-BakedVAE,76907,https://civitai.com/api/download/models/76907,[''],76037
girls,GhostMix,36520,v2.0-BakedVAE,76907,https://civitai.com/api/download/models/76907,[''],76037
portraits,GhostMix,36520,v2.0-BakedVAE,76907,https://civitai.com/api/download/models/76907,[''],76037
realistic,GhostMix,36520,v2.0-BakedVAE,76907,https://civitai.com/api/download/models/76907,[''],76037
girl,Lyriel,22922,v1.6,72396,https://civitai.com/api/download/models/72396,[''],75479
base model,Lyriel,22922,v1.6,72396,https://civitai.com/api/download/models/72396,[''],75479
art style,Lyriel,22922,v1.6,72396,https://civitai.com/api/download/models/72396,[''],75479
woman,Lyriel,22922,v1.6,72396,https://civitai.com/api/download/models/72396,[''],75479
beautiful,Lyriel,22922,v1.6,72396,https://civitai.com/api/download/models/72396,[''],75479
fantasy,Lyriel,22922,v1.6,72396,https://civitai.com/api/download/models/72396,[''],75479
1boy,Lyriel,22922,v1.6,72396,https://civitai.com/api/download/models/72396,[''],75479
1girl,Lyriel,22922,v1.6,72396,https://civitai.com/api/download/models/72396,[''],75479
1man,Lyriel,22922,v1.6,72396,https://civitai.com/api/download/models/72396,[''],75479
1guy,Lyriel,22922,v1.6,72396,https://civitai.com/api/download/models/72396,[''],75479
character,RealDosMix,6925,RealDosMix,8137,https://civitai.com/api/download/models/8137,[''],70767
3d,RealDosMix,6925,RealDosMix,8137,https://civitai.com/api/download/models/8137,[''],70767
person,RealDosMix,6925,RealDosMix,8137,https://civitai.com/api/download/models/8137,[''],70767
photorealistic,RealDosMix,6925,RealDosMix,8137,https://civitai.com/api/download/models/8137,[''],70767
mix,RealDosMix,6925,RealDosMix,8137,https://civitai.com/api/download/models/8137,[''],70767
model,RealDosMix,6925,RealDosMix,8137,https://civitai.com/api/download/models/8137,[''],70767
woman,RealDosMix,6925,RealDosMix,8137,https://civitai.com/api/download/models/8137,[''],70767
game character,RealDosMix,6925,RealDosMix,8137,https://civitai.com/api/download/models/8137,[''],70767
realistic,RealDosMix,6925,RealDosMix,8137,https://civitai.com/api/download/models/8137,[''],70767
women,RealDosMix,6925,RealDosMix,8137,https://civitai.com/api/download/models/8137,[''],70767
anime,Pastel-Mix [Stylized Anime Model],5414,Pastel-Mix [Pruned FP16],6297,https://civitai.com/api/download/models/6297,[''],70717
colorful,Pastel-Mix [Stylized Anime Model],5414,Pastel-Mix [Pruned FP16],6297,https://civitai.com/api/download/models/6297,[''],70717
vivid,Pastel-Mix [Stylized Anime Model],5414,Pastel-Mix [Pruned FP16],6297,https://civitai.com/api/download/models/6297,[''],70717
pastel,Pastel-Mix [Stylized Anime Model],5414,Pastel-Mix [Pruned FP16],6297,https://civitai.com/api/download/models/6297,[''],70717
paintings,Pastel-Mix [Stylized Anime Model],5414,Pastel-Mix [Pruned FP16],6297,https://civitai.com/api/download/models/6297,[''],70717
anything,Pastel-Mix [Stylized Anime Model],5414,Pastel-Mix [Pruned FP16],6297,https://civitai.com/api/download/models/6297,[''],70717
vivid colors,Pastel-Mix [Stylized Anime Model],5414,Pastel-Mix [Pruned FP16],6297,https://civitai.com/api/download/models/6297,[''],70717
anime,国风3 GuoFeng3,10415,v3.3,36644,https://civitai.com/api/download/models/36644,[''],70247
girl,国风3 GuoFeng3,10415,v3.3,36644,https://civitai.com/api/download/models/36644,[''],70247
3d,国风3 GuoFeng3,10415,v3.3,36644,https://civitai.com/api/download/models/36644,[''],70247
chinese,国风3 GuoFeng3,10415,v3.3,36644,https://civitai.com/api/download/models/36644,[''],70247
chinese dress,国风3 GuoFeng3,10415,v3.3,36644,https://civitai.com/api/download/models/36644,[''],70247
style,国风3 GuoFeng3,10415,v3.3,36644,https://civitai.com/api/download/models/36644,[''],70247
woman,国风3 GuoFeng3,10415,v3.3,36644,https://civitai.com/api/download/models/36644,[''],70247
cartoon,国风3 GuoFeng3,10415,v3.3,36644,https://civitai.com/api/download/models/36644,[''],70247
game character,国风3 GuoFeng3,10415,v3.3,36644,https://civitai.com/api/download/models/36644,[''],70247
girls,国风3 GuoFeng3,10415,v3.3,36644,https://civitai.com/api/download/models/36644,[''],70247
realistic,国风3 GuoFeng3,10415,v3.3,36644,https://civitai.com/api/download/models/36644,[''],70247
character,XXMix_9realistic,47274,v3.0,77903,https://civitai.com/api/download/models/77903,[''],63695
photorealistic,XXMix_9realistic,47274,v3.0,77903,https://civitai.com/api/download/models/77903,[''],63695
sexy,XXMix_9realistic,47274,v3.0,77903,https://civitai.com/api/download/models/77903,[''],63695
female,XXMix_9realistic,47274,v3.0,77903,https://civitai.com/api/download/models/77903,[''],63695
woman,XXMix_9realistic,47274,v3.0,77903,https://civitai.com/api/download/models/77903,[''],63695
girls,XXMix_9realistic,47274,v3.0,77903,https://civitai.com/api/download/models/77903,[''],63695
realistic,XXMix_9realistic,47274,v3.0,77903,https://civitai.com/api/download/models/77903,[''],63695
landscapes,A-Zovya RPG Artist Tools,8124,V3,79290,https://civitai.com/api/download/models/79290,[''],57466
photorealistic,A-Zovya RPG Artist Tools,8124,V3,79290,https://civitai.com/api/download/models/79290,[''],57466
general purpose,A-Zovya RPG Artist Tools,8124,V3,79290,https://civitai.com/api/download/models/79290,[''],57466
inpainting,A-Zovya RPG Artist Tools,8124,V3,79290,https://civitai.com/api/download/models/79290,[''],57466
digital art,A-Zovya RPG Artist Tools,8124,V3,79290,https://civitai.com/api/download/models/79290,[''],57466
base model,A-Zovya RPG Artist Tools,8124,V3,79290,https://civitai.com/api/download/models/79290,[''],57466
concept art,A-Zovya RPG Artist Tools,8124,V3,79290,https://civitai.com/api/download/models/79290,[''],57466
fantasy art,A-Zovya RPG Artist Tools,8124,V3,79290,https://civitai.com/api/download/models/79290,[''],57466
illustration,A-Zovya RPG Artist Tools,8124,V3,79290,https://civitai.com/api/download/models/79290,[''],57466
fantasy,A-Zovya RPG Artist Tools,8124,V3,79290,https://civitai.com/api/download/models/79290,[''],57466
painterly,A-Zovya RPG Artist Tools,8124,V3,79290,https://civitai.com/api/download/models/79290,[''],57466
portraits,A-Zovya RPG Artist Tools,8124,V3,79290,https://civitai.com/api/download/models/79290,[''],57466
rpg,A-Zovya RPG Artist Tools,8124,V3,79290,https://civitai.com/api/download/models/79290,[''],57466
girl,LOFI,9052,LOFI V2.2,87186,https://civitai.com/api/download/models/87186,[''],51218
photorealistic,LOFI,9052,LOFI V2.2,87186,https://civitai.com/api/download/models/87186,[''],51218
base model,LOFI,9052,LOFI V2.2,87186,https://civitai.com/api/download/models/87186,[''],51218
girls,LOFI,9052,LOFI V2.2,87186,https://civitai.com/api/download/models/87186,[''],51218
photography,LOFI,9052,LOFI V2.2,87186,https://civitai.com/api/download/models/87186,[''],51218
photorealism,LOFI,9052,LOFI V2.2,87186,https://civitai.com/api/download/models/87186,[''],51218
realistic,LOFI,9052,LOFI V2.2,87186,https://civitai.com/api/download/models/87186,[''],51218
anime,【Checkpoint】YesMix,9139,v2.0,95214,https://civitai.com/api/download/models/95214,[''],50899
girl,【Checkpoint】YesMix,9139,v2.0,95214,https://civitai.com/api/download/models/95214,[''],50899
base model,【Checkpoint】YesMix,9139,v2.0,95214,https://civitai.com/api/download/models/95214,[''],50899
girls,【Checkpoint】YesMix,9139,v2.0,95214,https://civitai.com/api/download/models/95214,[''],50899
anime,MIX-Pro-V4,7241,V4,34559,https://civitai.com/api/download/models/34559,[''],48181
base model,MIX-Pro-V4,7241,V4,34559,https://civitai.com/api/download/models/34559,[''],48181
style,Dark Sushi Mix 大颗寿司Mix,24779,2.25D,93208,https://civitai.com/api/download/models/93208,[''],48077
baldur’s gate,RPG,1116,RPG V4,7133,https://civitai.com/api/download/models/7133,[''],47508
new world,RPG,1116,RPG V4,7133,https://civitai.com/api/download/models/7133,[''],47508
style,RPG,1116,RPG V4,7133,https://civitai.com/api/download/models/7133,[''],47508
fantasy,RPG,1116,RPG V4,7133,https://civitai.com/api/download/models/7133,[''],47508
rpg,RPG,1116,RPG V4,7133,https://civitai.com/api/download/models/7133,[''],47508
world of warcraft,RPG,1116,RPG V4,7133,https://civitai.com/api/download/models/7133,[''],47508
base model,"ICBINP - ""I Can't Believe It's Not Photography""",28059,Final,89464,https://civitai.com/api/download/models/89464,[''],45598
portrait,"ICBINP - ""I Can't Believe It's Not Photography""",28059,Final,89464,https://civitai.com/api/download/models/89464,[''],45598
photo,"ICBINP - ""I Can't Believe It's Not Photography""",28059,Final,89464,https://civitai.com/api/download/models/89464,[''],45598
hyperrealistic character portraits,"ICBINP - ""I Can't Believe It's Not Photography""",28059,Final,89464,https://civitai.com/api/download/models/89464,[''],45598
photography,"ICBINP - ""I Can't Believe It's Not Photography""",28059,Final,89464,https://civitai.com/api/download/models/89464,[''],45598
animals,Babes,2220,Babes 2.0,61372,https://civitai.com/api/download/models/61372,"['verism style,samdoesart style,thepit style,owler style,cherrmous style,arosen style,uodenim style,stanleylau style,puffy lips,hoop earrings,thick eyebrows']",45495
subject,Babes,2220,Babes 2.0,61372,https://civitai.com/api/download/models/61372,"['verism style,samdoesart style,thepit style,owler style,cherrmous style,arosen style,uodenim style,stanleylau style,puffy lips,hoop earrings,thick eyebrows']",45495
midjourney,Babes,2220,Babes 2.0,61372,https://civitai.com/api/download/models/61372,"['verism style,samdoesart style,thepit style,owler style,cherrmous style,arosen style,uodenim style,stanleylau style,puffy lips,hoop earrings,thick eyebrows']",45495
bimbo,Babes,2220,Babes 2.0,61372,https://civitai.com/api/download/models/61372,"['verism style,samdoesart style,thepit style,owler style,cherrmous style,arosen style,uodenim style,stanleylau style,puffy lips,hoop earrings,thick eyebrows']",45495
sexy,Babes,2220,Babes 2.0,61372,https://civitai.com/api/download/models/61372,"['verism style,samdoesart style,thepit style,owler style,cherrmous style,arosen style,uodenim style,stanleylau style,puffy lips,hoop earrings,thick eyebrows']",45495
female,Babes,2220,Babes 2.0,61372,https://civitai.com/api/download/models/61372,"['verism style,samdoesart style,thepit style,owler style,cherrmous style,arosen style,uodenim style,stanleylau style,puffy lips,hoop earrings,thick eyebrows']",45495
babes,Babes,2220,Babes 2.0,61372,https://civitai.com/api/download/models/61372,"['verism style,samdoesart style,thepit style,owler style,cherrmous style,arosen style,uodenim style,stanleylau style,puffy lips,hoop earrings,thick eyebrows']",45495
base model,Babes,2220,Babes 2.0,61372,https://civitai.com/api/download/models/61372,"['verism style,samdoesart style,thepit style,owler style,cherrmous style,arosen style,uodenim style,stanleylau style,puffy lips,hoop earrings,thick eyebrows']",45495
portrait,Babes,2220,Babes 2.0,61372,https://civitai.com/api/download/models/61372,"['verism style,samdoesart style,thepit style,owler style,cherrmous style,arosen style,uodenim style,stanleylau style,puffy lips,hoop earrings,thick eyebrows']",45495
graphic design,Babes,2220,Babes 2.0,61372,https://civitai.com/api/download/models/61372,"['verism style,samdoesart style,thepit style,owler style,cherrmous style,arosen style,uodenim style,stanleylau style,puffy lips,hoop earrings,thick eyebrows']",45495
woman,Babes,2220,Babes 2.0,61372,https://civitai.com/api/download/models/61372,"['verism style,samdoesart style,thepit style,owler style,cherrmous style,arosen style,uodenim style,stanleylau style,puffy lips,hoop earrings,thick eyebrows']",45495
illustration,Babes,2220,Babes 2.0,61372,https://civitai.com/api/download/models/61372,"['verism style,samdoesart style,thepit style,owler style,cherrmous style,arosen style,uodenim style,stanleylau style,puffy lips,hoop earrings,thick eyebrows']",45495
cars,Babes,2220,Babes 2.0,61372,https://civitai.com/api/download/models/61372,"['verism style,samdoesart style,thepit style,owler style,cherrmous style,arosen style,uodenim style,stanleylau style,puffy lips,hoop earrings,thick eyebrows']",45495
fantasy,Babes,2220,Babes 2.0,61372,https://civitai.com/api/download/models/61372,"['verism style,samdoesart style,thepit style,owler style,cherrmous style,arosen style,uodenim style,stanleylau style,puffy lips,hoop earrings,thick eyebrows']",45495
girls,Babes,2220,Babes 2.0,61372,https://civitai.com/api/download/models/61372,"['verism style,samdoesart style,thepit style,owler style,cherrmous style,arosen style,uodenim style,stanleylau style,puffy lips,hoop earrings,thick eyebrows']",45495
male,Babes,2220,Babes 2.0,61372,https://civitai.com/api/download/models/61372,"['verism style,samdoesart style,thepit style,owler style,cherrmous style,arosen style,uodenim style,stanleylau style,puffy lips,hoop earrings,thick eyebrows']",45495
portraits,Babes,2220,Babes 2.0,61372,https://civitai.com/api/download/models/61372,"['verism style,samdoesart style,thepit style,owler style,cherrmous style,arosen style,uodenim style,stanleylau style,puffy lips,hoop earrings,thick eyebrows']",45495
style art,Babes,2220,Babes 2.0,61372,https://civitai.com/api/download/models/61372,"['verism style,samdoesart style,thepit style,owler style,cherrmous style,arosen style,uodenim style,stanleylau style,puffy lips,hoop earrings,thick eyebrows']",45495
cartoonish,Babes,2220,Babes 2.0,61372,https://civitai.com/api/download/models/61372,"['verism style,samdoesart style,thepit style,owler style,cherrmous style,arosen style,uodenim style,stanleylau style,puffy lips,hoop earrings,thick eyebrows']",45495
carton,Babes,2220,Babes 2.0,61372,https://civitai.com/api/download/models/61372,"['verism style,samdoesart style,thepit style,owler style,cherrmous style,arosen style,uodenim style,stanleylau style,puffy lips,hoop earrings,thick eyebrows']",45495
anime,AnyLoRA - Checkpoint,23900,bakedVae (blessed) fp16 NOT-PRUNED,95489,https://civitai.com/api/download/models/95489,[''],45106
girl,AnyLoRA - Checkpoint,23900,bakedVae (blessed) fp16 NOT-PRUNED,95489,https://civitai.com/api/download/models/95489,[''],45106
sexy,AnyLoRA - Checkpoint,23900,bakedVae (blessed) fp16 NOT-PRUNED,95489,https://civitai.com/api/download/models/95489,[''],45106
female,AnyLoRA - Checkpoint,23900,bakedVae (blessed) fp16 NOT-PRUNED,95489,https://civitai.com/api/download/models/95489,[''],45106
manga,AnyLoRA - Checkpoint,23900,bakedVae (blessed) fp16 NOT-PRUNED,95489,https://civitai.com/api/download/models/95489,[''],45106
base model,AnyLoRA - Checkpoint,23900,bakedVae (blessed) fp16 NOT-PRUNED,95489,https://civitai.com/api/download/models/95489,[''],45106
art style,AnyLoRA - Checkpoint,23900,bakedVae (blessed) fp16 NOT-PRUNED,95489,https://civitai.com/api/download/models/95489,[''],45106
woman,AnyLoRA - Checkpoint,23900,bakedVae (blessed) fp16 NOT-PRUNED,95489,https://civitai.com/api/download/models/95489,[''],45106
illustration,AnyLoRA - Checkpoint,23900,bakedVae (blessed) fp16 NOT-PRUNED,95489,https://civitai.com/api/download/models/95489,[''],45106
beautiful,AnyLoRA - Checkpoint,23900,bakedVae (blessed) fp16 NOT-PRUNED,95489,https://civitai.com/api/download/models/95489,[''],45106
girls,AnyLoRA - Checkpoint,23900,bakedVae (blessed) fp16 NOT-PRUNED,95489,https://civitai.com/api/download/models/95489,[''],45106
anylora,AnyLoRA - Checkpoint,23900,bakedVae (blessed) fp16 NOT-PRUNED,95489,https://civitai.com/api/download/models/95489,[''],45106
anime,ToonYou,30240,Beta 3 🌟,78775,https://civitai.com/api/download/models/78775,['flat color'],44606
base model,ToonYou,30240,Beta 3 🌟,78775,https://civitai.com/api/download/models/78775,['flat color'],44606
comics,ToonYou,30240,Beta 3 🌟,78775,https://civitai.com/api/download/models/78775,['flat color'],44606
2d,ToonYou,30240,Beta 3 🌟,78775,https://civitai.com/api/download/models/78775,['flat color'],44606
cartoon,ToonYou,30240,Beta 3 🌟,78775,https://civitai.com/api/download/models/78775,['flat color'],44606
girls,ToonYou,30240,Beta 3 🌟,78775,https://civitai.com/api/download/models/78775,['flat color'],44606
pretty,ToonYou,30240,Beta 3 🌟,78775,https://civitai.com/api/download/models/78775,['flat color'],44606
comic,ToonYou,30240,Beta 3 🌟,78775,https://civitai.com/api/download/models/78775,['flat color'],44606
anime,DosMix,6250,DosMix,7328,https://civitai.com/api/download/models/7328,[''],42072
character,DosMix,6250,DosMix,7328,https://civitai.com/api/download/models/7328,[''],42072
3d,DosMix,6250,DosMix,7328,https://civitai.com/api/download/models/7328,[''],42072
person,DosMix,6250,DosMix,7328,https://civitai.com/api/download/models/7328,[''],42072
mix,DosMix,6250,DosMix,7328,https://civitai.com/api/download/models/7328,[''],42072
model,DosMix,6250,DosMix,7328,https://civitai.com/api/download/models/7328,[''],42072
2d,DosMix,6250,DosMix,7328,https://civitai.com/api/download/models/7328,[''],42072
portraits,DosMix,6250,DosMix,7328,https://civitai.com/api/download/models/7328,[''],42072
realistic,DosMix,6250,DosMix,7328,https://civitai.com/api/download/models/7328,[''],42072
real person,DosMix,6250,DosMix,7328,https://civitai.com/api/download/models/7328,[''],42072
girl,Realisian,47130,v4.0,70157,https://civitai.com/api/download/models/70157,[''],37948
photorealistic,Realisian,47130,v4.0,70157,https://civitai.com/api/download/models/70157,[''],37948
realism,Realisian,47130,v4.0,70157,https://civitai.com/api/download/models/70157,[''],37948
base model,Realisian,47130,v4.0,70157,https://civitai.com/api/download/models/70157,[''],37948
asian,Realisian,47130,v4.0,70157,https://civitai.com/api/download/models/70157,[''],37948
photo,Realisian,47130,v4.0,70157,https://civitai.com/api/download/models/70157,[''],37948
sex,Realisian,47130,v4.0,70157,https://civitai.com/api/download/models/70157,[''],37948
beautiful,Realisian,47130,v4.0,70157,https://civitai.com/api/download/models/70157,[''],37948
japanese,Realisian,47130,v4.0,70157,https://civitai.com/api/download/models/70157,[''],37948
korean,Realisian,47130,v4.0,70157,https://civitai.com/api/download/models/70157,[''],37948
men,Realisian,47130,v4.0,70157,https://civitai.com/api/download/models/70157,[''],37948
photorealism,Realisian,47130,v4.0,70157,https://civitai.com/api/download/models/70157,[''],37948
realistic,Realisian,47130,v4.0,70157,https://civitai.com/api/download/models/70157,[''],37948
women,Realisian,47130,v4.0,70157,https://civitai.com/api/download/models/70157,[''],37948
boys,Realisian,47130,v4.0,70157,https://civitai.com/api/download/models/70157,[''],37948
anime,Anything V3,66,fp16,75,https://civitai.com/api/download/models/75,[''],36376
base model,Anything V3,66,fp16,75,https://civitai.com/api/download/models/75,[''],36376
photorealistic,QGO - PromptingReal,4188,QGO - PromptingReal - v1,86329,https://civitai.com/api/download/models/86329,[''],36208
anatomical,QGO - PromptingReal,4188,QGO - PromptingReal - v1,86329,https://civitai.com/api/download/models/86329,[''],36208
analog,QGO - PromptingReal,4188,QGO - PromptingReal - v1,86329,https://civitai.com/api/download/models/86329,[''],36208
base model,QGO - PromptingReal,4188,QGO - PromptingReal - v1,86329,https://civitai.com/api/download/models/86329,[''],36208
model,QGO - PromptingReal,4188,QGO - PromptingReal - v1,86329,https://civitai.com/api/download/models/86329,[''],36208
woman,QGO - PromptingReal,4188,QGO - PromptingReal - v1,86329,https://civitai.com/api/download/models/86329,[''],36208
cinematic,QGO - PromptingReal,4188,QGO - PromptingReal - v1,86329,https://civitai.com/api/download/models/86329,[''],36208
man,QGO - PromptingReal,4188,QGO - PromptingReal - v1,86329,https://civitai.com/api/download/models/86329,[''],36208
photography,QGO - PromptingReal,4188,QGO - PromptingReal - v1,86329,https://civitai.com/api/download/models/86329,[''],36208
realistic,QGO - PromptingReal,4188,QGO - PromptingReal - v1,86329,https://civitai.com/api/download/models/86329,[''],36208
semirealistic,QGO - PromptingReal,4188,QGO - PromptingReal - v1,86329,https://civitai.com/api/download/models/86329,[''],36208
anime,MeinaPastel,11866,V5 ( anime illustration ),76206,https://civitai.com/api/download/models/76206,[''],35834
girl,MeinaPastel,11866,V5 ( anime illustration ),76206,https://civitai.com/api/download/models/76206,[''],35834
colorful,MeinaPastel,11866,V5 ( anime illustration ),76206,https://civitai.com/api/download/models/76206,[''],35834
base model,MeinaPastel,11866,V5 ( anime illustration ),76206,https://civitai.com/api/download/models/76206,[''],35834
vibrant colors,MeinaPastel,11866,V5 ( anime illustration ),76206,https://civitai.com/api/download/models/76206,[''],35834
illustration,MeinaPastel,11866,V5 ( anime illustration ),76206,https://civitai.com/api/download/models/76206,[''],35834
artstyle,MeinaPastel,11866,V5 ( anime illustration ),76206,https://civitai.com/api/download/models/76206,[''],35834
fantasy,MeinaPastel,11866,V5 ( anime illustration ),76206,https://civitai.com/api/download/models/76206,[''],35834
anime,Night Sky YOZORA Style Model,12262,YoZoRa-V1-origin,14459,https://civitai.com/api/download/models/14459,[''],35205
style,Night Sky YOZORA Style Model,12262,YoZoRa-V1-origin,14459,https://civitai.com/api/download/models/14459,[''],35205
cyber punk,Art & Eros (aEros) - A tribute to beauty,3950,aEros - NoVAE,5180,https://civitai.com/api/download/models/5180,"['elden ring style,modelshoot style,dreamlikeart,postapocalypse,analog style,knollingcase,swpunk,synthwave,cyborgdiffusion']",47810
elden ring style,Art & Eros (aEros) - A tribute to beauty,3950,aEros - NoVAE,5180,https://civitai.com/api/download/models/5180,"['elden ring style,modelshoot style,dreamlikeart,postapocalypse,analog style,knollingcase,swpunk,synthwave,cyborgdiffusion']",47810
character,Art & Eros (aEros) - A tribute to beauty,3950,aEros - NoVAE,5180,https://civitai.com/api/download/models/5180,"['elden ring style,modelshoot style,dreamlikeart,postapocalypse,analog style,knollingcase,swpunk,synthwave,cyborgdiffusion']",47810
girl,Art & Eros (aEros) - A tribute to beauty,3950,aEros - NoVAE,5180,https://civitai.com/api/download/models/5180,"['elden ring style,modelshoot style,dreamlikeart,postapocalypse,analog style,knollingcase,swpunk,synthwave,cyborgdiffusion']",47810
punk,Art & Eros (aEros) - A tribute to beauty,3950,aEros - NoVAE,5180,https://civitai.com/api/download/models/5180,"['elden ring style,modelshoot style,dreamlikeart,postapocalypse,analog style,knollingcase,swpunk,synthwave,cyborgdiffusion']",47810
photorealistic,Art & Eros (aEros) - A tribute to beauty,3950,aEros - NoVAE,5180,https://civitai.com/api/download/models/5180,"['elden ring style,modelshoot style,dreamlikeart,postapocalypse,analog style,knollingcase,swpunk,synthwave,cyborgdiffusion']",47810
synthwave,Art & Eros (aEros) - A tribute to beauty,3950,aEros - NoVAE,5180,https://civitai.com/api/download/models/5180,"['elden ring style,modelshoot style,dreamlikeart,postapocalypse,analog style,knollingcase,swpunk,synthwave,cyborgdiffusion']",47810
post apocalyptic,Art & Eros (aEros) - A tribute to beauty,3950,aEros - NoVAE,5180,https://civitai.com/api/download/models/5180,"['elden ring style,modelshoot style,dreamlikeart,postapocalypse,analog style,knollingcase,swpunk,synthwave,cyborgdiffusion']",47810
porn,Art & Eros (aEros) - A tribute to beauty,3950,aEros - NoVAE,5180,https://civitai.com/api/download/models/5180,"['elden ring style,modelshoot style,dreamlikeart,postapocalypse,analog style,knollingcase,swpunk,synthwave,cyborgdiffusion']",47810
hassan,Art & Eros (aEros) - A tribute to beauty,3950,aEros - NoVAE,5180,https://civitai.com/api/download/models/5180,"['elden ring style,modelshoot style,dreamlikeart,postapocalypse,analog style,knollingcase,swpunk,synthwave,cyborgdiffusion']",47810
armorgirl,Art & Eros (aEros) - A tribute to beauty,3950,aEros - NoVAE,5180,https://civitai.com/api/download/models/5180,"['elden ring style,modelshoot style,dreamlikeart,postapocalypse,analog style,knollingcase,swpunk,synthwave,cyborgdiffusion']",47810
knollingcase,Art & Eros (aEros) - A tribute to beauty,3950,aEros - NoVAE,5180,https://civitai.com/api/download/models/5180,"['elden ring style,modelshoot style,dreamlikeart,postapocalypse,analog style,knollingcase,swpunk,synthwave,cyborgdiffusion']",47810
photograpyfantasy,Art & Eros (aEros) - A tribute to beauty,3950,aEros - NoVAE,5180,https://civitai.com/api/download/models/5180,"['elden ring style,modelshoot style,dreamlikeart,postapocalypse,analog style,knollingcase,swpunk,synthwave,cyborgdiffusion']",47810
apocalypse,Art & Eros (aEros) - A tribute to beauty,3950,aEros - NoVAE,5180,https://civitai.com/api/download/models/5180,"['elden ring style,modelshoot style,dreamlikeart,postapocalypse,analog style,knollingcase,swpunk,synthwave,cyborgdiffusion']",47810
cyborg,Art & Eros (aEros) - A tribute to beauty,3950,aEros - NoVAE,5180,https://civitai.com/api/download/models/5180,"['elden ring style,modelshoot style,dreamlikeart,postapocalypse,analog style,knollingcase,swpunk,synthwave,cyborgdiffusion']",47810
science fiction,Art & Eros (aEros) - A tribute to beauty,3950,aEros - NoVAE,5180,https://civitai.com/api/download/models/5180,"['elden ring style,modelshoot style,dreamlikeart,postapocalypse,analog style,knollingcase,swpunk,synthwave,cyborgdiffusion']",47810
dreamlikeart,Art & Eros (aEros) - A tribute to beauty,3950,aEros - NoVAE,5180,https://civitai.com/api/download/models/5180,"['elden ring style,modelshoot style,dreamlikeart,postapocalypse,analog style,knollingcase,swpunk,synthwave,cyborgdiffusion']",47810
modelshoot style,Art & Eros (aEros) - A tribute to beauty,3950,aEros - NoVAE,5180,https://civitai.com/api/download/models/5180,"['elden ring style,modelshoot style,dreamlikeart,postapocalypse,analog style,knollingcase,swpunk,synthwave,cyborgdiffusion']",47810
nudes,Art & Eros (aEros) - A tribute to beauty,3950,aEros - NoVAE,5180,https://civitai.com/api/download/models/5180,"['elden ring style,modelshoot style,dreamlikeart,postapocalypse,analog style,knollingcase,swpunk,synthwave,cyborgdiffusion']",47810
woman,Art & Eros (aEros) - A tribute to beauty,3950,aEros - NoVAE,5180,https://civitai.com/api/download/models/5180,"['elden ring style,modelshoot style,dreamlikeart,postapocalypse,analog style,knollingcase,swpunk,synthwave,cyborgdiffusion']",47810
artistic,Art & Eros (aEros) - A tribute to beauty,3950,aEros - NoVAE,5180,https://civitai.com/api/download/models/5180,"['elden ring style,modelshoot style,dreamlikeart,postapocalypse,analog style,knollingcase,swpunk,synthwave,cyborgdiffusion']",47810
fantasy,Art & Eros (aEros) - A tribute to beauty,3950,aEros - NoVAE,5180,https://civitai.com/api/download/models/5180,"['elden ring style,modelshoot style,dreamlikeart,postapocalypse,analog style,knollingcase,swpunk,synthwave,cyborgdiffusion']",47810
girls,Art & Eros (aEros) - A tribute to beauty,3950,aEros - NoVAE,5180,https://civitai.com/api/download/models/5180,"['elden ring style,modelshoot style,dreamlikeart,postapocalypse,analog style,knollingcase,swpunk,synthwave,cyborgdiffusion']",47810
photography,Art & Eros (aEros) - A tribute to beauty,3950,aEros - NoVAE,5180,https://civitai.com/api/download/models/5180,"['elden ring style,modelshoot style,dreamlikeart,postapocalypse,analog style,knollingcase,swpunk,synthwave,cyborgdiffusion']",47810
portraits,Art & Eros (aEros) - A tribute to beauty,3950,aEros - NoVAE,5180,https://civitai.com/api/download/models/5180,"['elden ring style,modelshoot style,dreamlikeart,postapocalypse,analog style,knollingcase,swpunk,synthwave,cyborgdiffusion']",47810
realistic,Art & Eros (aEros) - A tribute to beauty,3950,aEros - NoVAE,5180,https://civitai.com/api/download/models/5180,"['elden ring style,modelshoot style,dreamlikeart,postapocalypse,analog style,knollingcase,swpunk,synthwave,cyborgdiffusion']",47810
sci fi,Art & Eros (aEros) - A tribute to beauty,3950,aEros - NoVAE,5180,https://civitai.com/api/download/models/5180,"['elden ring style,modelshoot style,dreamlikeart,postapocalypse,analog style,knollingcase,swpunk,synthwave,cyborgdiffusion']",47810
abstract,🌈🧬🍭🍄👁️ Agartha 👁️🍄🍭🧬🌈(ChadStyle),69808,v1.0,74470,https://civitai.com/api/download/models/74470,"['GOOSEBUMPS ART BY TIM JACOBUS,RAINBOWPATCH,FOOD_CRIT,TK-CHAR,TK-ENV,LIQUID SPLASH,PAPERCUT,PORCELAIN DOLL,artificial-journey style,SURREALISM,COLORFULSURREALISMAI,CARBON,DUOCHROME,HOLOGRAPHIC, in OliDisco style,FLAT COLOR,FLAT ILLUSTRATION,VECTORSTYLE,MECHA']",576
surrealism,🌈🧬🍭🍄👁️ Agartha 👁️🍄🍭🧬🌈(ChadStyle),69808,v1.0,74470,https://civitai.com/api/download/models/74470,"['GOOSEBUMPS ART BY TIM JACOBUS,RAINBOWPATCH,FOOD_CRIT,TK-CHAR,TK-ENV,LIQUID SPLASH,PAPERCUT,PORCELAIN DOLL,artificial-journey style,SURREALISM,COLORFULSURREALISMAI,CARBON,DUOCHROME,HOLOGRAPHIC, in OliDisco style,FLAT COLOR,FLAT ILLUSTRATION,VECTORSTYLE,MECHA']",576
weird,🌈🧬🍭🍄👁️ Agartha 👁️🍄🍭🧬🌈(ChadStyle),69808,v1.0,74470,https://civitai.com/api/download/models/74470,"['GOOSEBUMPS ART BY TIM JACOBUS,RAINBOWPATCH,FOOD_CRIT,TK-CHAR,TK-ENV,LIQUID SPLASH,PAPERCUT,PORCELAIN DOLL,artificial-journey style,SURREALISM,COLORFULSURREALISMAI,CARBON,DUOCHROME,HOLOGRAPHIC, in OliDisco style,FLAT COLOR,FLAT ILLUSTRATION,VECTORSTYLE,MECHA']",576
game art,🌈🧬🍭🍄👁️ Agartha 👁️🍄🍭🧬🌈(ChadStyle),69808,v1.0,74470,https://civitai.com/api/download/models/74470,"['GOOSEBUMPS ART BY TIM JACOBUS,RAINBOWPATCH,FOOD_CRIT,TK-CHAR,TK-ENV,LIQUID SPLASH,PAPERCUT,PORCELAIN DOLL,artificial-journey style,SURREALISM,COLORFULSURREALISMAI,CARBON,DUOCHROME,HOLOGRAPHIC, in OliDisco style,FLAT COLOR,FLAT ILLUSTRATION,VECTORSTYLE,MECHA']",576
sci-fi,🌈🧬🍭🍄👁️ Agartha 👁️🍄🍭🧬🌈(ChadStyle),69808,v1.0,74470,https://civitai.com/api/download/models/74470,"['GOOSEBUMPS ART BY TIM JACOBUS,RAINBOWPATCH,FOOD_CRIT,TK-CHAR,TK-ENV,LIQUID SPLASH,PAPERCUT,PORCELAIN DOLL,artificial-journey style,SURREALISM,COLORFULSURREALISMAI,CARBON,DUOCHROME,HOLOGRAPHIC, in OliDisco style,FLAT COLOR,FLAT ILLUSTRATION,VECTORSTYLE,MECHA']",576
style,🌈🧬🍭🍄👁️ Agartha 👁️🍄🍭🧬🌈(ChadStyle),69808,v1.0,74470,https://civitai.com/api/download/models/74470,"['GOOSEBUMPS ART BY TIM JACOBUS,RAINBOWPATCH,FOOD_CRIT,TK-CHAR,TK-ENV,LIQUID SPLASH,PAPERCUT,PORCELAIN DOLL,artificial-journey style,SURREALISM,COLORFULSURREALISMAI,CARBON,DUOCHROME,HOLOGRAPHIC, in OliDisco style,FLAT COLOR,FLAT ILLUSTRATION,VECTORSTYLE,MECHA']",576
food,🌈🧬🍭🍄👁️ Agartha 👁️🍄🍭🧬🌈(ChadStyle),69808,v1.0,74470,https://civitai.com/api/download/models/74470,"['GOOSEBUMPS ART BY TIM JACOBUS,RAINBOWPATCH,FOOD_CRIT,TK-CHAR,TK-ENV,LIQUID SPLASH,PAPERCUT,PORCELAIN DOLL,artificial-journey style,SURREALISM,COLORFULSURREALISMAI,CARBON,DUOCHROME,HOLOGRAPHIC, in OliDisco style,FLAT COLOR,FLAT ILLUSTRATION,VECTORSTYLE,MECHA']",576
woman,🌈🧬🍭🍄👁️ Agartha 👁️🍄🍭🧬🌈(ChadStyle),69808,v1.0,74470,https://civitai.com/api/download/models/74470,"['GOOSEBUMPS ART BY TIM JACOBUS,RAINBOWPATCH,FOOD_CRIT,TK-CHAR,TK-ENV,LIQUID SPLASH,PAPERCUT,PORCELAIN DOLL,artificial-journey style,SURREALISM,COLORFULSURREALISMAI,CARBON,DUOCHROME,HOLOGRAPHIC, in OliDisco style,FLAT COLOR,FLAT ILLUSTRATION,VECTORSTYLE,MECHA']",576
game character,🌈🧬🍭🍄👁️ Agartha 👁️🍄🍭🧬🌈(ChadStyle),69808,v1.0,74470,https://civitai.com/api/download/models/74470,"['GOOSEBUMPS ART BY TIM JACOBUS,RAINBOWPATCH,FOOD_CRIT,TK-CHAR,TK-ENV,LIQUID SPLASH,PAPERCUT,PORCELAIN DOLL,artificial-journey style,SURREALISM,COLORFULSURREALISMAI,CARBON,DUOCHROME,HOLOGRAPHIC, in OliDisco style,FLAT COLOR,FLAT ILLUSTRATION,VECTORSTYLE,MECHA']",576
realistic,🌈🧬🍭🍄👁️ Agartha 👁️🍄🍭🧬🌈(ChadStyle),69808,v1.0,74470,https://civitai.com/api/download/models/74470,"['GOOSEBUMPS ART BY TIM JACOBUS,RAINBOWPATCH,FOOD_CRIT,TK-CHAR,TK-ENV,LIQUID SPLASH,PAPERCUT,PORCELAIN DOLL,artificial-journey style,SURREALISM,COLORFULSURREALISMAI,CARBON,DUOCHROME,HOLOGRAPHIC, in OliDisco style,FLAT COLOR,FLAT ILLUSTRATION,VECTORSTYLE,MECHA']",576
video game,🌈🧬🍭🍄👁️ Agartha 👁️🍄🍭🧬🌈(ChadStyle),69808,v1.0,74470,https://civitai.com/api/download/models/74470,"['GOOSEBUMPS ART BY TIM JACOBUS,RAINBOWPATCH,FOOD_CRIT,TK-CHAR,TK-ENV,LIQUID SPLASH,PAPERCUT,PORCELAIN DOLL,artificial-journey style,SURREALISM,COLORFULSURREALISMAI,CARBON,DUOCHROME,HOLOGRAPHIC, in OliDisco style,FLAT COLOR,FLAT ILLUSTRATION,VECTORSTYLE,MECHA']",576
semi-realism,🌈🧬🍭🍄👁️ Agartha 👁️🍄🍭🧬🌈(ChadStyle),69808,v1.0,74470,https://civitai.com/api/download/models/74470,"['GOOSEBUMPS ART BY TIM JACOBUS,RAINBOWPATCH,FOOD_CRIT,TK-CHAR,TK-ENV,LIQUID SPLASH,PAPERCUT,PORCELAIN DOLL,artificial-journey style,SURREALISM,COLORFULSURREALISMAI,CARBON,DUOCHROME,HOLOGRAPHIC, in OliDisco style,FLAT COLOR,FLAT ILLUSTRATION,VECTORSTYLE,MECHA']",576
photorealistic,OMNI,68240,v1.0,72925,https://civitai.com/api/download/models/72925,"[' LIQUID SPLASH,BRTDRPP,Fruitfusion']",270
surrealism,OMNI,68240,v1.0,72925,https://civitai.com/api/download/models/72925,"[' LIQUID SPLASH,BRTDRPP,Fruitfusion']",270
scifi,OMNI,68240,v1.0,72925,https://civitai.com/api/download/models/72925,"[' LIQUID SPLASH,BRTDRPP,Fruitfusion']",270
base model,OMNI,68240,v1.0,72925,https://civitai.com/api/download/models/72925,"[' LIQUID SPLASH,BRTDRPP,Fruitfusion']",270
drippy,OMNI,68240,v1.0,72925,https://civitai.com/api/download/models/72925,"[' LIQUID SPLASH,BRTDRPP,Fruitfusion']",270
mech,OMNI,68240,v1.0,72925,https://civitai.com/api/download/models/72925,"[' LIQUID SPLASH,BRTDRPP,Fruitfusion']",270
food,OMNI,68240,v1.0,72925,https://civitai.com/api/download/models/72925,"[' LIQUID SPLASH,BRTDRPP,Fruitfusion']",270
woman,OMNI,68240,v1.0,72925,https://civitai.com/api/download/models/72925,"[' LIQUID SPLASH,BRTDRPP,Fruitfusion']",270
man,OMNI,68240,v1.0,72925,https://civitai.com/api/download/models/72925,"[' LIQUID SPLASH,BRTDRPP,Fruitfusion']",270
photorealism,OMNI,68240,v1.0,72925,https://civitai.com/api/download/models/72925,"[' LIQUID SPLASH,BRTDRPP,Fruitfusion']",270
color,OMNI,68240,v1.0,72925,https://civitai.com/api/download/models/72925,"[' LIQUID SPLASH,BRTDRPP,Fruitfusion']",270
foodporn,OMNI,68240,v1.0,72925,https://civitai.com/api/download/models/72925,"[' LIQUID SPLASH,BRTDRPP,Fruitfusion']",270
